PLANT;SUPP_CODE;PURCH_ORD
71;S2927;22.209.560
71;S2176;22.210.423
71;S1748;22.300.020
71;S2509;22.300.689
71;S3898;22.300.808
71;S2176;22.301.806
71;S2349;22.303.117
71;S854;22.303.402
71;S474;22.303.500
71;S2349;22.303.951
71;S2927;22.304.450
71;S1857;22.305.180
71;S3291;22.305.338
71;S1499;22.305.387
71;S1857;22.305.643
71;S2046;22.305.659
71;S2927;22.305.812
71;S1499;22.305.847
71;S2046;22.305.848
71;S1994;22.305.871
71;S1994;22.305.916
71;S3335;22.306.059
71;S2927;22.306.073
71;S2927;22.306.161
71;S2681;22.306.186
71;S1857;22.306.275
71;S1499;22.306.276
71;S2046;22.306.278
71;S758;22.306.329
71;S2725;22.306.330
71;S2046;22.306.331
71;S1196;22.306.428
71;S2046;22.306.429
71;S1499;22.306.435
71;S2725;22.306.436
71;S3291;22.306.448
71;S1196;22.306.571
71;S1994;22.306.576
71;S1857;22.306.665
71;S2440;22.306.787
71;S1196;22.306.837
71;S3926;22.306.841
71;S248;22.306.850
71;S2927;22.307.098
71;S2927;22.307.104
71;S357;22.307.230
71;S1945;22.307.252
71;S2046;22.307.430
71;S3335;22.307.460
71;S2464;22.307.469
71;S2046;22.307.533
71;S758;22.307.536
71;S1499;22.307.553
71;S1994;22.307.598
71;S3322;22.307.615
71;S1196;22.307.618
71;S2046;22.307.628
71;S1499;22.307.630
71;S758;22.307.639
71;S1499;22.307.642
71;S1624;22.307.710
71;S2927;22.307.715
71;S1499;22.307.730
71;S758;22.307.731
71;S1857;22.307.770
71;S3530;22.307.916
71;S2927;22.307.971
71;S758;22.307.973
71;S2046;22.307.974
71;S1499;22.307.976
71;S736;22.307.986
71;S3324;22.308.055
71;S1754;22.308.058
71;S315;22.308.059
71;S2343;22.308.142
71;S2349;22.308.196
71;S678;22.308.200
71;S758;22.308.202
71;S1499;22.308.203
71;S2046;22.308.205
71;S1667;22.308.207
71;S1384;22.308.208
71;S2927;22.308.212
71;S315;22.308.247
71;S2725;22.308.251
71;S2046;22.308.252
71;S1499;22.308.253
71;S1499;22.308.286
71;S2046;22.308.303
71;S678;22.308.304
71;S1196;22.308.305
71;S2046;22.308.311
71;S1499;22.308.312
71;S2927;22.308.313
71;S46;22.308.316
71;S1994;22.308.318
71;S1196;22.308.333
71;S2927;22.308.361
71;S960;22.308.364
71;S2349;22.308.390
71;S282;22.308.393
71;S2336;22.308.394
71;S1196;22.308.402
71;S1499;22.308.425
71;S2046;22.308.426
71;S1994;22.308.427
71;S2511;22.308.440
71;S59;22.308.462
71;S2046;22.308.478
71;S1499;22.308.480
71;S2472;22.308.481
71;S2725;22.308.484
71;S2046;22.308.485
71;S2464;22.308.510
71;S2176;22.308.523
71;S1857;22.308.524
71;S2349;22.308.525
71;S2616;22.308.539
71;S2472;22.308.544
71;S3442;22.308.546
71;S1994;22.308.548
71;S1994;22.308.550
71;S2046;22.308.625
71;S2977;22.308.648
71;S872;22.308.652
71;S1499;22.308.666
71;S1196;22.308.668
71;S758;22.308.671
71;S2046;22.308.672
71;S960;22.308.682
71;S2681;22.308.691
71;S758;22.308.694
71;S1499;22.308.695
71;S2046;22.308.696
71;S54;22.308.717
71;S2927;22.308.723
71;S2336;22.308.724
71;S2046;22.308.756
71;S1826;22.308.768
71;S282;22.308.777
71;S1499;22.308.778
71;S1820;22.308.824
71;S2544;22.308.825
71;S1667;22.308.826
71;S59;22.308.853
71;S3437;22.308.854
71;S760;22.308.856
71;S1652;22.308.857
71;S2942;22.308.862
71;S3324;22.308.868
71;S1994;22.308.875
71;S1994;22.308.900
71;S2375;22.308.904
71;S1499;22.308.905
71;S2046;22.308.907
71;S2046;22.308.910
71;S59;22.308.933
71;S1624;22.308.937
71;S3850;22.308.941
71;S1826;22.308.942
71;S2464;22.308.943
71;S84;22.308.946
71;S872;22.308.950
71;S3756;22.308.952
71;S3291;22.308.970
71;S1499;22.308.974
71;S315;22.308.976
71;S758;22.308.979
71;S2616;22.309.013
71;S1384;22.309.016
71;S2046;22.309.023
71;S1196;22.309.025
71;S758;22.309.026
71;S1499;22.309.027
71;S315;22.309.030
71;S2725;22.309.031
71;S2046;22.309.038
71;S1499;22.309.039
71;S758;22.309.051
71;S2046;22.309.059
71;S1499;22.309.060
71;S3493;22.309.061
71;S1499;22.309.067
71;S758;22.309.069
71;S2830;22.309.071
71;S2205;22.309.072
71;S175;22.309.076
71;S1499;22.309.100
71;S1994;22.309.101
71;S3324;22.309.102
71;S2046;22.309.104
71;S2725;22.309.105
71;S2046;22.309.109
71;S3442;22.309.146
71;S3851;22.309.151
71;S758;22.309.163
71;S1499;22.309.164
71;S2176;22.309.165
71;S2578;22.309.175
71;S826;22.309.176
71;S758;22.309.188
71;S1499;22.309.189
71;S2046;22.309.191
71;S51;22.309.197
71;S2578;22.309.198
71;S2472;22.309.200
71;S3291;22.309.202
71;S199;22.309.240
71;S3442;22.309.291
71;S3291;22.309.292
71;S3925;22.309.293
71;S2046;22.309.296
71;S1499;22.309.297
71;S1994;22.309.300
71;S2616;22.309.301
71;S3754;22.309.305
71;S1826;22.309.309
71;S89;22.309.319
71;S84;22.309.323
71;S2967;22.309.325
71;S2616;22.309.326
71;S474;22.309.330
71;S1196;22.309.350
71;S3530;22.309.351
71;S315;22.309.352
71;S2927;22.309.353
71;S2440;22.309.354
71;S758;22.309.356
71;S2046;22.309.357
71;S1499;22.309.358
71;S1499;22.309.361
71;S758;22.309.362
71;S2046;22.309.363
71;S1499;22.309.365
71;S2927;22.309.394
71;S602;22.309.395
71;S3324;22.309.396
71;S3442;22.309.397
71;S2046;22.309.401
71;S1994;22.309.402
71;S1499;22.309.403
71;S89;22.309.426
71;S474;22.309.427
71;S872;22.309.428
71;S1624;22.309.430
71;S764;22.309.432
71;S2424;22.309.434
71;S2597;22.309.438
71;S3989;22.309.457
71;S1292;22.309.460
71;S2349;22.309.489
71;S1994;22.309.497
71;S3642;22.309.498
71;S758;22.309.500
71;S1785;22.309.501
71;S1499;22.309.505
71;S2046;22.309.506
71;S2927;22.309.514
71;S2472;22.309.516
71;S1499;22.309.519
71;S2440;22.309.520
71;S315;22.309.521
71;S971;22.309.527
71;S2047;22.309.528
71;S2464;22.309.530
71;S1994;22.309.558
71;S89;22.309.568
71;S46;22.309.587
71;S3442;22.309.597
71;S24;22.309.602
71;S3291;22.309.612
71;S315;22.309.613
71;S758;22.309.614
71;S1499;22.309.616
71;S1196;22.309.619
71;S2046;22.309.620
71;S2440;22.309.630
71;S3851;22.309.646
71;S84;22.309.648
71;S2187;22.309.660
71;S319;22.309.661
71;S2187;22.309.668
71;S479;22.309.669
71;S2653;22.309.674
71;S2046;22.309.714
71;S1499;22.309.715
71;S1499;22.309.718
71;S758;22.309.725
71;S2046;22.309.732
71;S1994;22.309.733
71;S1196;22.309.734
71;S1196;22.309.738
71;S2255;22.309.746
71;S2176;22.309.748
71;S2927;22.309.749
71;S3442;22.309.750
71;S2472;22.309.754
71;S1820;22.309.761
71;S960;22.309.771
71;S854;22.309.772
71;S84;22.309.773
71;S24;22.309.774
71;S2616;22.309.775
71;S2472;22.309.782
71;S758;22.309.783
71;S1499;22.309.784
71;S1460;22.309.785
71;S854;22.309.802
71;S1384;22.309.804
71;S164;22.309.809
71;S2578;22.309.813
71;S2046;22.309.820
71;S2440;22.309.822
71;S2472;22.309.824
71;S2046;22.309.827
71;S2046;22.309.828
71;S1499;22.309.829
71;S2046;22.309.833
71;S1384;22.309.846
71;S2046;22.309.847
71;S1499;22.309.849
71;S2472;22.309.875
71;S1994;22.309.877
71;S758;22.309.878
71;S1499;22.309.879
71;S2046;22.309.880
71;S479;22.309.899
71;S84;22.309.900
71;S1177;22.309.902
71;S1994;22.309.905
71;S2187;22.309.916
71;S1499;22.309.918
71;S2176;22.309.919
71;S2927;22.309.920
71;S758;22.309.922
71;S1994;22.309.923
71;S2046;22.309.924
71;S89;22.309.942
71;S3437;22.309.943
71;S4034;22.309.945
71;S2046;22.309.960
71;S1499;22.309.962
71;S1994;22.309.963
71;S758;22.309.964
71;S1196;22.309.965
71;S1499;22.309.968
71;S758;22.309.969
71;S2046;22.309.971
71;S1499;22.309.972
71;S2046;22.309.973
71;S1994;22.309.975
71;S1196;22.309.976
71;S1196;22.309.977
71;S319;22.309.994
71;S2349;22.310.008
71;S758;22.310.010
71;S2176;22.310.011
71;S3291;22.310.013
71;S2472;22.310.014
71;S1499;22.310.015
71;S3442;22.310.016
71;S758;22.310.017
71;S2927;22.310.020
71;S59;22.310.021
71;S2270;22.310.024
71;S2801;22.310.037
71;S1857;22.310.048
71;S2472;22.310.051
71;S758;22.310.052
71;S3291;22.310.053
71;S2927;22.310.054
71;S1499;22.310.056
71;S2046;22.310.057
71;S758;22.310.066
71;S2046;22.310.074
71;S758;22.310.075
71;S2375;22.310.076
71;S1499;22.310.077
71;S1196;22.310.079
71;S1994;22.310.080
71;S2046;22.310.081
71;S758;22.310.082
71;S2388;22.310.083
71;S315;22.310.084
71;S1947;22.310.089
71;S1196;22.310.094
71;S2046;22.310.096
71;S1499;22.310.097
71;S2046;22.310.098
71;S140;22.310.110
71;S2343;22.310.122
71;S3243;22.310.142
71;S2690;22.310.146
71;S46;22.310.147
71;S2949;22.310.154
71;S1390;22.310.156
71;S2464;22.310.157
71;S2375;22.310.159
71;S2472;22.310.160
71;S1499;22.310.161
71;S2046;22.310.162
71;S1384;22.310.169
71;S89;22.310.178
71;S826;22.310.181
71;S59;22.310.182
71;S596;22.310.187
71;S2464;22.310.188
71;S2187;22.310.189
71;S2755;22.310.222
71;S3442;22.310.240
71;S2578;22.310.241
71;S2472;22.310.242
71;S2681;22.310.243
71;S1994;22.310.244
71;S2046;22.310.247
71;S1499;22.310.248
71;S1196;22.310.250
71;S1499;22.310.251
71;S758;22.310.252
71;S479;22.310.258
71;S2046;22.310.260
71;S1499;22.310.262
71;S3335;22.310.263
71;S2349;22.310.264
71;S2472;22.310.266
71;S1857;22.310.277
71;S2927;22.310.288
71;S3420;22.310.320
71;S2188;22.310.325
71;S175;22.310.326
71;S1826;22.310.327
71;S872;22.310.328
71;S3851;22.310.330
71;S2255;22.310.339
71;S758;22.310.341
71;S3107;22.310.342
71;S2046;22.310.343
71;S1994;22.310.344
71;S2927;22.310.345
71;S2349;22.310.346
71;S1994;22.310.349
71;S2725;22.310.350
71;S758;22.310.351
71;S1499;22.310.352
71;S758;22.310.357
71;S2343;22.310.362
71;S2343;22.310.363
71;S59;22.310.370
71;S2270;22.310.409
71;S59;22.310.415
71;S2046;22.310.423
71;S1499;22.310.425
71;S758;22.310.426
71;S1196;22.310.427
71;S1414;22.310.428
71;S2927;22.310.429
71;S3335;22.310.430
71;S2343;22.310.454
71;S479;22.310.476
71;S3675;22.310.477
71;S2464;22.310.485
71;S854;22.310.487
71;S1499;22.310.490
71;S2046;22.310.491
71;S2440;22.310.493
71;S1994;22.310.494
71;S758;22.310.495
71;S1196;22.310.496
71;S2176;22.310.498
71;S2472;22.310.499
71;S1499;22.310.502
71;S2343;22.310.512
71;S2253;22.310.517
71;S2464;22.310.529
71;S2047;22.310.545
71;S59;22.310.546
71;S140;22.310.547
71;S2464;22.310.548
71;S46;22.310.550
71;S2616;22.310.551
71;S760;22.310.552
71;S1820;22.310.554
71;S46;22.310.555
71;S54;22.310.556
71;S638;22.310.573
71;S1335;22.310.574
71;S2597;22.310.575
71;S140;22.310.578
71;S764;22.310.580
71;S46;22.310.591
71;S46;22.310.592
71;S2210;22.310.594
71;S2176;22.310.615
71;S1440;22.310.616
71;S2472;22.310.617
71;S3006;22.310.618
71;S2872;22.310.619
71;S3164;22.310.620
71;S3291;22.310.621
71;S1108;22.310.623
71;S482;22.310.624
71;S758;22.310.625
71;S2046;22.310.626
71;S1499;22.310.627
71;S678;22.310.648
71;S1499;22.310.649
71;S3291;22.310.650
71;S1994;22.310.651
71;S2046;22.310.652
71;S758;22.310.653
71;S2375;22.310.654
71;S758;22.310.655
71;S1196;22.310.658
71;S2700;22.310.678
71;S2639;22.310.690
71;S397;22.310.691
71;S479;22.310.698
71;S59;22.310.699
71;S24;22.310.700
71;S2653;22.310.702
71;S678;22.310.728
71;S3442;22.310.729
71;S2472;22.310.730
71;S2927;22.310.731
71;S2046;22.310.732
71;S282;22.310.733
71;S758;22.310.735
71;S1499;22.310.736
71;S2046;22.310.737
71;S758;22.310.738
71;S1196;22.310.739
71;S2343;22.310.751
71;S66;22.310.757
71;S971;22.310.781
71;S59;22.310.789
71;S54;22.310.790
71;S1695;22.310.791
71;S46;22.310.792
71;S1196;22.310.793
71;S2927;22.310.794
71;S1499;22.310.795
71;S2046;22.310.796
71;S2472;22.310.797
71;S758;22.310.798
71;S1994;22.310.799
71;S3291;22.310.812
71;S3107;22.310.814
71;S2472;22.310.815
71;S2046;22.310.816
71;S1499;22.310.817
71;S2046;22.310.837
71;S2927;22.310.839
71;S1499;22.310.841
71;S758;22.310.842
71;S2046;22.310.843
71;S2047;22.310.854
71;S2046;22.310.861
71;S2472;22.310.868
71;S474;22.310.871
71;S764;22.310.873
71;S2464;22.310.875
71;S54;22.310.924
71;S54;22.310.925
71;S758;22.310.926
71;S2755;22.310.927
71;S2755;22.310.928
71;S2375;22.310.930
71;S758;22.310.940
71;S2927;22.310.949
71;S2349;22.310.951
71;S2472;22.310.952
71;S758;22.310.953
71;S1292;22.310.955
71;S140;22.310.956
71;S1748;22.310.957
71;S474;22.310.958
71;S59;22.310.959
71;S2047;22.310.960
71;S1405;22.310.961
71;S1994;22.310.969
71;S1820;22.310.986
71;S175;22.310.988
71;S1624;22.310.989
71;S479;22.310.990
71;S140;22.310.993
71;S59;22.310.994
71;S1624;22.310.995
71;S3480;22.310.996
71;S2464;22.310.997
71;S758;22.311.005
71;S2046;22.311.022
71;S1994;22.311.023
71;S1499;22.311.024
71;S2725;22.311.025
71;S2472;22.311.026
71;S678;22.311.027
71;S758;22.311.028
71;S2927;22.311.029
71;S3291;22.311.030
71;S2755;22.311.043
71;S2375;22.311.045
71;S2343;22.311.062
71;S2778;22.311.103
71;S1994;22.311.105
71;S758;22.311.106
71;S1499;22.311.107
71;S2046;22.311.108
71;S2464;22.311.110
71;S1460;22.311.111
71;S1292;22.311.112
71;S2678;22.311.113
71;S140;22.311.119
71;S1994;22.311.122
71;S1994;22.311.123
71;S505;22.311.127
71;S1450;22.311.128
71;S479;22.311.130
71;S474;22.311.131
71;S764;22.311.132
71;S2616;22.311.133
71;S71;22.311.134
71;S24;22.311.135
71;S1460;22.311.136
71;S59;22.311.138
71;S89;22.311.139
71;S479;22.311.140
71;S2253;22.311.141
71;S2047;22.311.142
71;S3194;22.311.143
71;S1384;22.311.144
71;S602;22.311.145
71;S3442;22.311.146
71;S315;22.311.147
71;S2927;22.311.148
71;S3335;22.311.149
71;S2472;22.311.150
71;S2343;22.311.160
71;S758;22.311.163
71;S2725;22.311.164
71;S2046;22.311.165
71;S1196;22.311.166
71;S2349;22.311.168
71;S1994;22.311.169
71;S1499;22.311.171
71;S3676;22.311.181
71;S2343;22.311.187
71;S2343;22.311.235
71;S474;22.311.244
71;S1994;22.311.251
71;S2210;22.311.262
71;S2349;22.311.268
71;S872;22.311.271
71;S1292;22.311.283
71;S2616;22.311.293
71;S3910;22.311.294
71;S2942;22.311.295
71;S2210;22.311.296
71;S59;22.311.297
71;S479;22.311.298
71;S3194;22.311.299
71;S3107;22.311.300
71;S758;22.311.303
71;S1991;22.311.309
71;S66;22.311.312
71;S2304;22.311.313
71;S2046;22.311.314
71;S1499;22.311.315
71;S2046;22.311.316
71;S2176;22.311.317
71;S2074;22.311.318
71;S1450;22.311.319
71;S1196;22.311.322
71;S2830;22.311.323
71;S843;22.311.324
71;S2210;22.311.327
71;S479;22.311.329
71;S59;22.311.330
71;S2464;22.311.331
71;S140;22.311.332
71;S854;22.311.333
71;S2472;22.311.335
71;S3442;22.311.336
71;S2472;22.311.337
71;S608;22.311.338
71;S758;22.311.339
71;S1499;22.311.341
71;S2046;22.311.342
71;S3291;22.311.344
71;S1499;22.311.347
71;S2440;22.311.348
71;S1196;22.311.349
71;S2046;22.311.350
71;S758;22.311.351
71;S140;22.311.353
71;S46;22.311.356
71;S505;22.311.357
71;S59;22.311.358
71;S1460;22.311.359
71;S2616;22.311.360
71;S1019;22.311.362
71;S2678;22.311.363
71;S786;22.311.364
71;S474;22.311.365
71;S640;22.311.366
71;S248;22.311.367
71;S872;22.311.368
71;S706;22.311.369
71;S3344;22.311.370
71;S3346;22.311.371
71;S3420;22.311.372
71;S3437;22.311.375
71;S3420;22.311.377
71;S59;22.311.379
71;S1292;22.311.380
71;S764;22.311.381
71;S2194;22.311.388
71;S2464;22.311.403
71;S2343;22.311.411
71;S84;22.311.433
71;S1994;22.311.439
71;S2343;22.311.442
71;S1820;22.311.463
71;S59;22.311.464
71;S2616;22.311.465
71;S140;22.311.466
71;S2397;22.311.467
71;S479;22.311.468
71;S2343;22.311.469
71;S2343;22.311.470
71;S2343;22.311.471
71;S2343;22.311.473
71;S2343;22.311.474
71;S2472;22.311.478
71;S2778;22.311.480
71;S758;22.311.482
71;S1499;22.311.483
71;S2046;22.311.484
71;S2725;22.311.485
71;S2472;22.311.486
71;S282;22.311.487
71;S2046;22.311.488
71;S3442;22.311.496
71;S2343;22.311.497
71;S2343;22.311.498
71;S3026;22.311.499
71;S2343;22.311.506
71;S2942;22.311.508
71;S2464;22.311.509
71;S140;22.311.510
71;S2927;22.311.513
71;S2440;22.311.514
71;S59;22.311.515
71;S872;22.311.516
71;S640;22.311.517
71;S1905;22.311.518
71;S3420;22.311.519
71;S1852;22.311.520
71;S2578;22.311.521
71;S785;22.311.522
71;S46;22.311.523
71;S3695;22.311.524
71;S1292;22.311.525
71;S2616;22.311.526
71;S2597;22.311.527
71;S786;22.311.528
71;S2464;22.311.529
71;S764;22.311.530
71;S479;22.311.531
71;S826;22.311.532
71;S3851;22.311.533
71;S764;22.311.534
71;S854;22.311.535
71;S2616;22.311.536
71;S786;22.311.537
71;S2653;22.311.540
71;S1292;22.311.541
71;S140;22.311.542
71;S1405;22.311.544
71;S2253;22.311.545
71;S971;22.311.546
71;S479;22.311.547
71;S1460;22.311.548
71;S2343;22.311.555
71;S1108;22.311.557
71;S3027;22.311.565
71;S3027;22.311.568
71;S3027;22.311.569
71;S2343;22.311.570
71;S1405;22.311.581
71;S854;22.311.582
71;S3194;22.311.583
71;S729;22.311.584
71;S872;22.311.585
71;S175;22.311.586
71;S2047;22.311.587
71;S1652;22.311.590
71;S1177;22.311.591
71;S2176;22.311.597
71;S2440;22.311.599
71;S640;22.311.600
71;S1994;22.311.601
71;S4108;22.311.602
71;S71;22.311.603
71;S960;22.311.604
71;S3437;22.311.605
71;S2047;22.311.606
71;S2187;22.311.607
71;S1177;22.311.608
71;S2047;22.311.609
71;S59;22.311.610
71;S175;22.311.611
71;S46;22.311.612
71;S2253;22.311.613
71;S3291;22.311.615
71;S2349;22.311.617
71;S2472;22.311.620
71;S3291;22.311.621
71;S2349;22.311.622
71;S2681;22.311.623
71;S1292;22.311.624
71;S2578;22.311.625
71;S2046;22.311.626
71;S2725;22.311.627
71;S1196;22.311.628
71;S678;22.311.629
71;S758;22.311.630
71;S66;22.311.631
71;S1405;22.311.633
71;S1460;22.311.634
71;S1852;22.311.635
71;S2597;22.311.636
71;S3481;22.311.637
71;S505;22.311.638
71;S2653;22.311.639
71;S1450;22.311.640
71;S854;22.311.641
71;S2681;22.311.642
71;S758;22.311.643
71;S2176;22.311.644
71;S1994;22.311.646
71;S758;22.311.647
71;S1499;22.311.648
71;S2046;22.311.649
71;S1994;22.311.650
71;S3221;22.311.654
71;S2187;22.311.655
71;S89;22.311.657
71;S175;22.311.658
71;S166;22.311.659
71;S479;22.311.660
71;S46;22.311.661
71;S474;22.311.662
71;S59;22.311.663
71;S1460;22.311.664
71;S1905;22.311.665
71;S786;22.311.667
71;S140;22.311.668
71;S2472;22.311.670
71;S1499;22.311.671
71;S2046;22.311.672
71;S1196;22.311.673
71;S758;22.311.674
71;S1994;22.311.675
71;S3756;22.311.676
71;S3442;22.311.680
71;S3291;22.311.681
71;S2046;22.311.682
71;S2046;22.311.683
71;S3027;22.311.692
71;S3027;22.311.693
71;S3027;22.311.694
71;S3027;22.311.695
71;S2778;22.311.699
71;S3027;22.311.700
71;S2046;22.311.701
71;S1499;22.311.702
71;S758;22.311.703
71;S2046;22.311.704
71;S1499;22.311.705
71;S1499;22.311.706
71;S1499;22.311.707
71;S1196;22.311.708
71;S24;22.311.709
71;S2343;22.311.710
71;S2755;22.311.711
71;S2046;22.311.713
71;S1499;22.311.714
71;S1994;22.311.716
71;S2046;22.311.717
71;S2046;22.311.718
71;S2343;22.311.720
71;S2343;22.311.721
71;S2343;22.311.727
71;S2755;22.311.728
71;S2578;22.311.737
71;S2343;22.311.738
71;S2343;22.311.739
71;S3541;22.311.742
71;S3027;22.311.743
71;S3027;22.311.744
71;S3027;22.311.745
71;S3027;22.311.746
71;S3027;22.311.747
71;S1108;22.311.748
71;S2343;22.311.756
71;S59;22.400.006
71;S3027;22.400.007
71;S3027;22.400.009
71;S3027;22.400.011
71;S3027;22.400.012
71;S3027;22.400.013
71;S3027;22.400.014
71;S3027;22.400.015
71;S3027;22.400.016
71;S3027;22.400.017
71;S3027;22.400.018
71;S3027;22.400.019
71;S3027;22.400.021
71;S3027;22.400.022
71;S1499;22.400.024
71;S1108;22.400.034
71;S1108;22.400.035
71;S1108;22.400.036
71;S1108;22.400.037
71;S1523;22.400.038
71;S1523;22.400.039
71;S3291;22.400.040
71;S1460;22.400.046
71;S1652;22.400.048
71;S640;22.400.049
71;S474;22.400.050
71;S3027;22.400.051
71;S3027;22.400.052
71;S3027;22.400.053
71;S3027;22.400.054
71;S3027;22.400.055
71;S3027;22.400.056
71;S3027;22.400.057
71;S3027;22.400.058
71;S3027;22.400.059
71;S3027;22.400.060
71;S758;22.400.061
71;S1450;22.400.062
71;S1108;22.400.063
71;S474;22.400.064
71;S1108;22.400.065
71;S3027;22.400.067
71;S3027;22.400.068
71;S3027;22.400.069
71;S3027;22.400.070
71;S3027;22.400.071
71;S3027;22.400.072
71;S3027;22.400.073
71;S3027;22.400.074
71;S175;22.400.075
71;S1695;22.400.077
71;S854;22.400.078
71;S474;22.400.079
71;S248;22.400.081
71;S2121;22.400.082
71;S2343;22.400.084
71;S419;22.400.085
71;S1196;22.400.089
71;S150;22.400.094
71;S3695;22.400.096
71;S2121;22.400.097
71;S2121;22.400.098
71;S1994;22.400.101
71;S2046;22.400.102
71;S3027;22.400.103
71;S3026;22.400.104
71;S3027;22.400.105
71;S3027;22.400.106
71;S3027;22.400.107
71;S3027;22.400.108
71;S66;22.400.110
71;S1460;22.400.111
71;S2578;22.400.112
71;S2424;22.400.113
71;S2464;22.400.114
71;S3484;22.400.115
71;S3699;22.400.116
71;S2205;22.400.117
71;S854;22.400.118
71;S59;22.400.119
71;S1460;22.400.120
71;S248;22.400.121
71;S872;22.400.122
71;S199;22.400.123
71;S2638;22.400.125
71;S2639;22.400.126
71;S2187;22.400.127
71;S2202;22.400.128
71;S2638;22.400.129
71;S729;22.400.130
71;S59;22.400.132
71;S2210;22.400.133
71;S596;22.400.134
71;S1384;22.400.135
71;S3695;22.400.136
71;S1947;22.400.137
71;S1624;22.400.138
71;S2047;22.400.140
71;S84;22.400.143
71;S199;22.400.144
71;S2210;22.400.145
71;S59;22.400.146
71;S2047;22.400.147
71;S2597;22.400.148
71;S2464;22.400.149
71;S3643;22.400.151
71;S3838;22.400.152
71;S3675;22.400.153
71;S2616;22.400.154
71;S2253;22.400.156
71;S3420;22.400.157
71;S872;22.400.158
71;S794;22.400.159
71;S2046;22.400.165
71;S1499;22.400.166
71;S2176;22.400.167
71;S1994;22.400.169
71;S2472;22.400.170
71;S1196;22.400.171
71;S2927;22.400.172
71;S2440;22.400.173
71;S1440;22.400.174
71;S91;22.400.177
71;S971;22.400.180
71;S2333;22.400.190
71;S2343;22.400.194
71;S2343;22.400.195
71;S1994;22.400.204
71;S3442;22.400.205
71;S2472;22.400.206
71;S602;22.400.207
71;S2046;22.400.208
71;S1499;22.400.209
71;S758;22.400.210
71;S1994;22.400.211
71;S1196;22.400.212
71;S905;22.400.213
71;S2046;22.400.214
71;S1414;22.400.215
71;S2304;22.400.221
71;S1292;22.400.222
71;S826;22.400.223
71;S4121;22.400.228
71;S1196;22.400.231
71;S2343;22.400.232
71;S3027;22.400.233
71;S3027;22.400.234
71;S3027;22.400.236
71;S3027;22.400.237
71;S3027;22.400.238
71;S3027;22.400.239
71;S3027;22.400.240
71;S3027;22.400.241
71;S3027;22.400.242
71;S3027;22.400.243
71;S3027;22.400.244
71;S3027;22.400.245
71;S3027;22.400.246
71;S3027;22.400.247
71;S3027;22.400.248
71;S3027;22.400.249
71;S3027;22.400.250
71;S3027;22.400.251
71;S3027;22.400.253
71;S3026;22.400.256
71;S1994;22.400.258
71;S758;22.400.259
71;S1994;22.400.260
71;S1499;22.400.261
71;S2046;22.400.262
71;S3926;22.400.263
71;S758;22.400.264
71;S1499;22.400.265
71;S2472;22.400.267
71;S678;22.400.268
71;S2375;22.400.269
71;S2046;22.400.270
71;S2927;22.400.271
71;S479;22.400.272
71;S2616;22.400.273
71;S2343;22.400.274
71;S872;22.400.275
71;S140;22.400.276
71;S3444;22.400.277
71;S1292;22.400.278
71;S419;22.400.279
71;S71;22.400.280
71;S764;22.400.281
71;S3420;22.400.282
71;S1667;22.400.283
71;S2253;22.400.284
71;S3675;22.400.285
71;S2464;22.400.286
71;S3477;22.400.288
71;S640;22.400.289
71;S3675;22.400.290
71;S596;22.400.291
71;S46;22.400.292
71;S914;22.400.294
71;S2222;22.400.296
71;S150;22.400.298
71;S2755;22.400.299
71;S2755;22.400.300
71;S2578;22.400.301
71;S2343;22.400.302
71;S2578;22.400.303
71;S2755;22.400.304
71;S1108;22.400.305
71;S1108;22.400.306
71;S1108;22.400.308
71;S1108;22.400.309
71;S3514;22.400.311
71;S1975;22.400.313
71;S1994;22.400.316
71;S2544;22.400.325
71;S1460;22.400.326
71;S3504;22.400.327
71;S960;22.400.328
71;S2949;22.400.329
71;S640;22.400.330
71;S1820;22.400.331
71;S758;22.400.334
71;S1499;22.400.335
71;S3530;22.400.336
71;S2472;22.400.337
71;S315;22.400.338
71;S3442;22.400.339
71;S3291;22.400.340
71;S2927;22.400.342
71;S2343;22.400.343
71;S2755;22.400.344
71;S2786;22.400.345
71;S2343;22.400.346
71;S602;22.400.347
71;S3442;22.400.348
71;S2349;22.400.349
71;S2176;22.400.350
71;S2681;22.400.351
71;S758;22.400.352
71;S854;22.400.353
71;S1384;22.400.354
71;S199;22.400.355
71;S1820;22.400.356
71;S872;22.400.357
71;S1994;22.400.358
71;S3420;22.400.360
71;S479;22.400.361
71;S2597;22.400.362
71;S3477;22.400.363
71;S46;22.400.364
71;S3751;22.400.365
71;S2253;22.400.366
71;S1820;22.400.367
71;S59;22.400.368
71;S2188;22.400.369
71;S2464;22.400.370
71;S71;22.400.371
71;S2222;22.400.372
71;S1405;22.400.373
71;S638;22.400.374
71;S474;22.400.375
71;S2778;22.400.376
71;S1414;22.400.377
71;S2046;22.400.379
71;S758;22.400.380
71;S1499;22.400.381
71;S2725;22.400.382
71;S1975;22.400.383
71;S3027;22.400.384
71;S3027;22.400.385
71;S3027;22.400.386
71;S3027;22.400.387
71;S3027;22.400.388
71;S3027;22.400.389
71;S3027;22.400.390
71;S3027;22.400.393
71;S3027;22.400.394
71;S3027;22.400.395
71;S1460;22.400.396
71;S3414;22.400.397
71;S474;22.400.398
71;S3477;22.400.400
71;S3194;22.400.401
71;S2927;22.400.402
71;S3027;22.400.403
71;S3027;22.400.404
71;S3027;22.400.405
71;S3027;22.400.406
71;S3027;22.400.407
71;S3027;22.400.408
71;S3027;22.400.410
71;S3027;22.400.411
71;S3027;22.400.412
71;S3027;22.400.413
71;S785;22.400.429
71;S3027;22.400.432
71;S3027;22.400.433
71;S3027;22.400.434
71;S3027;22.400.435
71;S3027;22.400.436
71;S3027;22.400.437
71;S3027;22.400.438
71;S3027;22.400.439
71;S2046;22.400.442
71;S2472;22.400.444
71;S1499;22.400.445
71;S758;22.400.448
71;S2927;22.400.449
71;S3335;22.400.450
71;S2349;22.400.451
71;S1994;22.400.453
71;S282;22.400.454
71;S1196;22.400.455
71;S758;22.400.457
71;S1499;22.400.459
71;S3027;22.400.460
71;S2046;22.400.461
71;S2046;22.400.465
71;S758;22.400.467
71;S1499;22.400.468
71;S1499;22.400.473
71;S1994;22.400.474
71;S1196;22.400.475
71;S1108;22.400.476
71;S3027;22.400.477
71;S1108;22.400.478
71;S1108;22.400.479
71;S1499;22.400.481
71;S2046;22.400.482
71;S758;22.400.483
71;S1808;22.400.484
71;S66;22.400.486
71;S2343;22.400.489
71;S758;22.400.494
71;S2046;22.400.495
71;S3027;22.400.499
71;S3027;22.400.500
71;S3027;22.400.501
71;S3027;22.400.502
71;S3027;22.400.503
71;S3027;22.400.504
71;S1994;22.400.506
71;S2375;22.400.507
71;S1460;22.400.508
71;S2464;22.400.509
71;S2597;22.400.510
71;S46;22.400.511
71;S801;22.400.512
71;S3221;22.400.513
71;S2187;22.400.514
71;S479;22.400.515
71;S2653;22.400.516
71;S960;22.400.517
71;S2202;22.400.518
71;S3221;22.400.519
71;S89;22.400.520
71;S59;22.400.521
71;S3754;22.400.522
71;S59;22.400.523
71;S2349;22.400.524
71;S2343;22.400.525
71;S758;22.400.526
71;S1499;22.400.527
71;S2472;22.400.528
71;S1994;22.400.529
71;S2046;22.400.530
71;S3291;22.400.531
71;S3530;22.400.532
71;S3027;22.400.534
71;S3027;22.400.535
71;S3027;22.400.536
71;S3027;22.400.537
71;S3027;22.400.538
71;S3027;22.400.539
71;S3027;22.400.540
71;S3027;22.400.541
71;S315;22.400.544
71;S3027;22.400.545
71;S59;22.400.546
71;S2047;22.400.547
71;S1460;22.400.548
71;S89;22.400.549
71;S3851;22.400.550
71;S59;22.400.557
71;S419;22.400.558
71;S140;22.400.559
71;S199;22.400.560
71;S854;22.400.561
71;S46;22.400.562
71;S971;22.400.564
71;S2616;22.400.567
71;S3705;22.400.568
71;S3705;22.400.569
71;S3027;22.400.570
71;S3027;22.400.571
71;S3027;22.400.572
71;S3027;22.400.573
71;S3027;22.400.574
71;S3027;22.400.575
71;S3027;22.400.576
71;S3027;22.400.577
71;S3027;22.400.578
71;S854;22.400.579
71;S1292;22.400.580
71;S1667;22.400.581
71;S175;22.400.582
71;S140;22.400.583
71;S1460;22.400.584
71;S3027;22.400.585
71;S1108;22.400.586
71;S2343;22.400.587
71;S1108;22.400.589
71;S1108;22.400.590
71;S1108;22.400.591
71;S1108;22.400.592
71;S1108;22.400.593
71;S1108;22.400.594
71;S1108;22.400.595
71;S1108;22.400.596
71;S1460;22.400.603
71;S59;22.400.604
71;S3477;22.400.605
71;S2979;22.400.606
71;S2597;22.400.607
71;S3194;22.400.608
71;S2464;22.400.609
71;S2047;22.400.610
71;S2343;22.400.611
71;S2046;22.400.612
71;S1499;22.400.613
71;S2343;22.400.614
71;S1196;22.400.615
71;S758;22.400.616
71;S2046;22.400.617
71;S1499;22.400.618
71;S1994;22.400.621
71;S474;22.400.624
71;S960;22.400.625
71;S59;22.400.626
71;S279;22.400.627
71;S3420;22.400.628
71;S1460;22.400.629
71;S3695;22.400.630
71;S479;22.400.631
71;S3027;22.400.632
71;S3027;22.400.633
71;S3027;22.400.634
71;S3027;22.400.635
71;S3027;22.400.636
71;S3027;22.400.637
71;S3027;22.400.638
71;S3027;22.400.640
71;S3027;22.400.641
71;S3027;22.400.642
71;S3027;22.400.643
71;S2616;22.400.644
71;S140;22.400.645
71;S1820;22.400.646
71;S3226;22.400.647
71;S3027;22.400.648
71;S3027;22.400.649
71;S3027;22.400.650
71;S3027;22.400.651
71;S3027;22.400.652
71;S758;22.400.653
71;S140;22.400.656
71;S2349;22.400.660
71;S2927;22.400.661
71;S3442;22.400.662
71;S2472;22.400.663
71;S678;22.400.664
71;S1499;22.400.665
71;S1292;22.400.666
71;S2046;22.400.667
71;S758;22.400.668
71;S758;22.400.669
71;S2046;22.400.670
71;S1196;22.400.671
71;S1440;22.400.672
71;S602;22.400.673
71;S2755;22.400.696
71;S2343;22.400.697
71;S2472;22.400.698
71;S1994;22.400.699
71;S2046;22.400.700
71;S758;22.400.701
71;S3026;22.400.704
71;S2202;22.400.705
71;S89;22.400.706
71;S175;22.400.707
71;S166;22.400.709
71;S2681;22.400.710
71;S1994;22.400.711
71;S4129;22.400.712
71;S3027;22.400.713
71;S3027;22.400.714
71;S1652;22.400.716
71;S3027;22.400.717
71;S3027;22.400.718
71;S3027;22.400.719
71;S3027;22.400.720
71;S3027;22.400.721
71;S3027;22.400.722
71;S3027;22.400.723
71;S3027;22.400.725
71;S3027;22.400.726
71;S2121;22.400.734
71;S2343;22.400.736
71;S3027;22.400.742
71;S3027;22.400.744
71;S3850;22.400.746
71;S3026;22.400.748
71;S1108;22.400.749
71;S1108;22.400.752
71;S1108;22.400.753
71;S3027;22.400.754
71;S3027;22.400.755
71;S3027;22.400.756
71;S3027;22.400.757
71;S3027;22.400.758
71;S3027;22.400.759
71;S1405;22.400.763
71;S706;22.400.764
71;S59;22.400.765
71;S2464;22.400.766
71;S608;22.400.767
71;S2544;22.400.768
71;S1748;22.400.769
71;S3027;22.400.770
71;S872;22.400.774
71;S1460;22.400.775
71;S1292;22.400.776
71;S84;22.400.777
71;S24;22.400.778
71;S1384;22.400.779
71;S2253;22.400.780
71;S764;22.400.781
71;S71;22.400.782
71;S479;22.400.784
71;S3027;22.400.785
71;S3027;22.400.786
71;S59;22.400.787
71;S1292;22.400.788
71;S1820;22.400.789
71;S1826;22.400.790
71;S175;22.400.791
71;S958;22.400.792
71;S872;22.400.793
71;S505;22.400.795
71;S479;22.400.796
71;S1384;22.400.797
71;S1852;22.400.798
71;S2046;22.400.801
71;S758;22.400.802
71;S1499;22.400.803
71;S2472;22.400.804
71;S3027;22.400.805
71;S2343;22.400.806
71;S2343;22.400.807
71;S2578;22.400.808
71;S2343;22.400.809
71;S66;22.400.811
71;S2900;22.400.813
71;S2900;22.400.815
71;S3026;22.400.818
71;S2755;22.400.820
71;S1196;22.400.822
71;S3756;22.400.823
71;S2210;22.400.825
71;S596;22.400.826
71;S59;22.400.827
71;S479;22.400.828
71;S71;22.400.829
71;S1820;22.400.830
71;S84;22.400.831
71;S1748;22.400.832
71;S1947;22.400.833
71;S872;22.400.834
71;S638;22.400.835
71;S608;22.400.837
71;S785;22.400.839
71;S2343;22.400.840
71;S2927;22.400.841
71;S2046;22.400.843
71;S1499;22.400.844
71;S758;22.400.845
71;S1196;22.400.846
71;S2440;22.400.847
71;S3026;22.400.848
71;S3027;22.400.850
71;S3027;22.400.852
71;S3027;22.400.853
71;S3027;22.400.854
71;S3027;22.400.855
71;S3027;22.400.856
71;S3027;22.400.857
71;S3027;22.400.858
71;S3027;22.400.859
71;S3027;22.400.860
71;S3027;22.400.861
71;S3027;22.400.862
71;S3027;22.400.863
71;S3027;22.400.864
71;S3027;22.400.865
71;S3027;22.400.866
71;S3027;22.400.867
71;S3027;22.400.868
71;S3027;22.400.869
71;S3027;22.400.870
71;S3027;22.400.872
71;S3027;22.400.874
71;S3027;22.400.876
71;S854;22.400.877
71;S760;22.400.878
71;S59;22.400.879
71;S638;22.400.880
71;S2047;22.400.881
71;S2343;22.400.882
71;S3027;22.400.884
71;S2343;22.400.886
71;S2343;22.400.887
71;S4122;22.400.899
71;S1644;22.400.901
71;S2681;22.400.903
71;S3026;22.400.907
71;S2343;22.400.908
71;S3027;22.400.909
71;S3027;22.400.911
71;S1108;22.400.912
71;S1108;22.400.913
71;S2343;22.400.916
71;S3026;22.400.917
71;S140;22.400.919
71;S3027;22.400.920
71;S3027;22.400.921
71;S3027;22.400.922
71;S3027;22.400.923
71;S3027;22.400.924
71;S3027;22.400.925
71;S3027;22.400.926
71;S3027;22.400.928
71;S2336;22.400.929
71;S602;22.400.930
71;S3027;22.400.931
71;S2433;22.400.933
71;S2755;22.400.934
71;S2343;22.400.936
71;S2046;22.400.937
71;S2046;22.400.938
71;S3291;22.400.939
71;S1994;22.400.941
71;S1499;22.400.943
71;S1196;22.400.944
71;S2472;22.400.945
71;S758;22.400.946
71;S2375;22.400.947
71;S1994;22.400.948
71;S3541;22.400.953
71;S1994;22.400.954
71;S2472;22.400.955
71;S66;22.400.956
71;S1108;22.400.957
71;S1108;22.400.958
71;S2778;22.400.960
71;S2046;22.400.965
71;S1748;22.400.966
71;S1499;22.400.967
71;S1994;22.400.968
71;S758;22.400.969
71;S140;22.400.970
71;S59;22.400.971
71;S3694;22.400.972
71;S89;22.400.973
71;S479;22.400.974
71;S1460;22.400.975
71;S3477;22.400.976
71;S3420;22.400.977
71;S2047;22.400.978
71;S46;22.400.979
71;S2253;22.400.980
71;S2927;22.400.982
71;S758;22.400.983
71;S1196;22.400.984
71;S3876;22.400.986
71;S2200;22.400.987
71;S3027;22.400.988
71;S640;22.400.989
71;S59;22.400.990
71;S958;22.400.991
71;S3027;22.400.992
71;S1460;22.400.993
71;S764;22.400.994
71;S3027;22.400.995
71;S3027;22.400.996
71;S3027;22.400.997
71;S3027;22.400.998
71;S1384;22.401.001
71;S3027;22.401.002
71;S3027;22.401.003
71;S3027;22.401.004
71;S786;22.401.005
71;S3027;22.401.006
71;S2121;22.401.007
71;S3027;22.401.008
71;S3027;22.401.009
71;S3027;22.401.010
71;S3027;22.401.011
71;S3027;22.401.012
71;S3027;22.401.013
71;S3026;22.401.014
71;S1196;22.401.015
71;S2472;22.401.016
71;S1660;22.401.019
71;S1652;22.401.020
71;S2253;22.401.021
71;S1460;22.401.022
71;S2440;22.401.025
71;S2349;22.401.026
71;S3291;22.401.028
71;S2472;22.401.030
71;S357;22.401.031
71;S1440;22.401.032
71;S315;22.401.033
71;S2349;22.401.034
71;S854;22.401.038
71;S2210;22.401.039
71;S59;22.401.040
71;S958;22.401.041
71;S2047;22.401.042
71;S1826;22.401.043
71;S2597;22.401.045
71;S1820;22.401.046
71;S2616;22.401.047
71;S46;22.401.048
71;S2690;22.401.049
71;S2046;22.401.050
71;S785;22.401.051
71;S2464;22.401.052
71;S3331;22.401.053
71;S1384;22.401.054
71;S2176;22.401.055
71;S758;22.401.057
71;S1499;22.401.058
71;S2046;22.401.059
71;S3675;22.401.060
71;S2343;22.401.061
71;S150;22.401.063
71;S2343;22.401.065
71;S2121;22.401.068
71;S2755;22.401.070
71;S3027;22.401.071
71;S3027;22.401.072
71;S3027;22.401.073
71;S3027;22.401.074
71;S3027;22.401.075
71;S3027;22.401.076
71;S2755;22.401.077
71;S2755;22.401.078
71;S3027;22.401.079
71;S3027;22.401.080
71;S3027;22.401.081
71;S3027;22.401.082
71;S3027;22.401.083
71;S3027;22.401.085
71;S150;22.401.087
71;S2755;22.401.093
71;S248;22.401.094
71;S1108;22.401.097
71;S2343;22.401.098
71;S3027;22.401.099
71;S3027;22.401.100
71;S3027;22.401.101
71;S3027;22.401.102
71;S3027;22.401.103
71;S3027;22.401.104
71;S3027;22.401.105
71;S2343;22.401.106
71;S2343;22.401.107
71;S2343;22.401.109
71;S2046;22.401.111
71;S2664;22.401.114
71;S2343;22.401.119
71;S3764;22.401.123
71;S4122;22.401.124
71;S1994;22.401.136
71;S3026;22.401.138
71;S3027;22.401.141
71;S3027;22.401.142
71;S3027;22.401.143
71;S3027;22.401.144
71;S2047;22.401.145
71;S2187;22.401.146
71;S1667;22.401.147
71;S175;22.401.148
71;S971;22.401.149
71;S1405;22.401.150
71;S474;22.401.151
71;S872;22.401.153
71;S175;22.401.154
71;S1177;22.401.155
71;S2253;22.401.156
71;S608;22.401.158
71;S479;22.401.161
71;S640;22.401.162
71;S854;22.401.163
71;S608;22.401.164
71;S2047;22.401.165
71;S84;22.401.167
71;S3481;22.401.168
71;S2210;22.401.169
71;S228;22.401.170
71;S3324;22.401.171
71;S2472;22.401.172
71;S3442;22.401.173
71;S758;22.401.174
71;S2927;22.401.175
71;S315;22.401.176
71;S282;22.401.177
71;S1785;22.401.178
71;S2349;22.401.179
71;S1994;22.401.180
71;S2778;22.401.192
71;S678;22.401.193
71;S758;22.401.194
71;S1994;22.401.195
71;S1499;22.401.196
71;S758;22.401.197
71;S1196;22.401.198
71;S2046;22.401.199
71;S1994;22.401.200
71;S1523;22.401.201
71;S2046;22.401.205
71;S1450;22.401.208
71;S960;22.401.210
71;S3682;22.401.211
71;S1624;22.401.213
71;S505;22.401.214
71;S638;22.401.215
71;S59;22.401.216
71;S827;22.401.217
71;S1292;22.401.218
71;S1695;22.401.219
71;S1460;22.401.220
71;S640;22.401.221
71;S474;22.401.222
71;S1384;22.401.223
71;S1826;22.401.224
71;S2940;22.401.225
71;S1852;22.401.226
71;S872;22.401.227
71;S2343;22.401.232
71;S1108;22.401.235
71;S1108;22.401.236
71;S1108;22.401.237
71;S1108;22.401.238
71;S1108;22.401.239
71;S3027;22.401.240
71;S3027;22.401.241
71;S3027;22.401.242
71;S3027;22.401.243
71;S3027;22.401.244
71;S3027;22.401.245
71;S3027;22.401.246
71;S3027;22.401.247
71;S3699;22.401.248
71;S3027;22.401.249
71;S3027;22.401.250
71;S3027;22.401.251
71;S3027;22.401.252
71;S3027;22.401.253
71;S3027;22.401.254
71;S3027;22.401.255
71;S3027;22.401.256
71;S3027;22.401.257
71;S3027;22.401.258
71;S3027;22.401.259
71;S3027;22.401.260
71;S3027;22.401.261
71;S3027;22.401.262
71;S1499;22.401.263
71;S2046;22.401.264
71;S2472;22.401.266
71;S2927;22.401.267
71;S315;22.401.268
71;S1196;22.401.269
71;S1994;22.401.270
71;S3027;22.401.272
71;S3027;22.401.273
71;S3027;22.401.274
71;S2900;22.401.276
71;S66;22.401.277
71;S59;22.401.282
71;S2194;22.401.283
71;S3851;22.401.284
71;S46;22.401.285
71;S1292;22.401.286
71;S3420;22.401.287
71;S71;22.401.288
71;S872;22.401.289
71;S2210;22.401.290
71;S2282;22.401.291
71;S140;22.401.292
71;S2046;22.401.294
71;S1499;22.401.295
71;S1196;22.401.296
71;S1196;22.401.297
71;S758;22.401.298
71;S1499;22.401.299
71;S1785;22.401.300
71;S1499;22.401.301
71;S2046;22.401.302
71;S3879;22.401.303
71;S3027;22.401.319
71;S3027;22.401.320
71;S3027;22.401.321
71;S3027;22.401.322
71;S1108;22.401.324
71;S1108;22.401.325
71;S1108;22.401.326
71;S1108;22.401.327
71;S1108;22.401.328
71;S2343;22.401.329
71;S1196;22.401.331
71;S958;22.401.333
71;S2187;22.401.334
71;S474;22.401.335
71;S3989;22.401.336
71;S3027;22.401.338
71;S1079;22.401.340
71;S505;22.401.348
71;S2210;22.401.349
71;S59;22.401.350
71;S3477;22.401.351
71;S2464;22.401.352
71;S84;22.401.353
71;S764;22.401.354
71;S786;22.401.356
71;S2464;22.401.359
71;S1335;22.401.360
71;S1624;22.401.361
71;S2046;22.401.362
71;S2786;22.401.367
71;S3442;22.401.368
71;S843;22.401.369
71;S2472;22.401.370
71;S2927;22.401.371
71;S1460;22.401.374
71;S3437;22.401.375
71;S758;22.401.376
71;S1499;22.401.377
71;S2046;22.401.378
71;S357;22.401.380
71;S1994;22.401.381
71;S1196;22.401.382
71;S989;22.401.383
71;S91;22.401.384
71;S3027;22.401.387
71;S3027;22.401.388
71;S3027;22.401.389
71;S3027;22.401.390
71;S3027;22.401.391
71;S3027;22.401.392
71;S3027;22.401.393
71;S3027;22.401.394
71;S3027;22.401.395
71;S2343;22.401.397
71;S1994;22.401.398
71;S2343;22.401.399
71;S3026;22.401.407
71;S1109;22.401.409
71;S2343;22.401.411
71;S1949;22.401.412
71;S3026;22.401.414
71;S2046;22.401.415
71;S758;22.401.416
71;S1499;22.401.417
71;S1292;22.401.418
71;S854;22.401.419
71;S640;22.401.421
71;S2253;22.401.422
71;S1460;22.401.423
71;S59;22.401.424
71;S3420;22.401.425
71;S2464;22.401.427
71;S1748;22.401.428
71;S2047;22.401.429
71;S1177;22.401.430
71;S3049;22.401.431
71;S2210;22.401.432
71;S474;22.401.433
71;S801;22.401.434
71;S1390;22.401.435
71;S3026;22.401.440
71;S3026;22.401.446
71;S3951;22.401.447
71;S2472;22.401.449
71;S2927;22.401.450
71;S3291;22.401.451
71;S2440;22.401.452
71;S2920;22.401.456
71;S758;22.401.459
71;S1499;22.401.460
71;S1994;22.401.461
71;S2046;22.401.462
71;S2801;22.401.463
71;S59;22.401.465
71;S2121;22.401.468
71;S1499;22.401.470
71;S1196;22.401.471
71;S2046;22.401.472
71;S59;22.401.474
71;S1292;22.401.475
71;S854;22.401.476
71;S2187;22.401.477
71;S474;22.401.479
71;S1652;22.401.480
71;S2180;22.401.483
71;S2472;22.401.486
71;S2046;22.401.488
71;S1292;22.401.490
71;S3027;22.401.495
71;S3027;22.401.496
71;S3027;22.401.497
71;S3027;22.401.498
71;S3027;22.401.499
71;S3027;22.401.500
71;S3027;22.401.501
71;S3027;22.401.502
71;S3027;22.401.504
71;S3989;22.401.505
71;S1108;22.401.506
71;S2616;22.401.507
71;S1292;22.401.508
71;S640;22.401.509
71;S1460;22.401.510
71;S1405;22.401.511
71;S1949;22.401.512
71;S2464;22.401.513
71;S2047;22.401.514
71;S1652;22.401.515
71;S71;22.401.516
71;S199;22.401.517
71;S3420;22.401.518
71;S764;22.401.519
71;S2047;22.401.520
71;S1384;22.401.521
71;S2967;22.401.522
71;S2472;22.401.523
71;S482;22.401.524
71;S2725;22.401.525
71;S2046;22.401.526
71;S758;22.401.527
71;S2375;22.401.528
71;S1499;22.401.529
71;S2046;22.401.530
71;S1994;22.401.531
71;S3027;22.401.532
71;S3027;22.401.533
71;S3027;22.401.534
71;S3027;22.401.536
71;S3027;22.401.537
71;S3027;22.401.538
71;S2336;22.401.539
71;S1994;22.401.540
71;S1994;22.401.541
71;S1108;22.401.542
71;S2472;22.401.544
71;S2464;22.401.554
71;S140;22.401.555
71;S175;22.401.556
71;S46;22.401.557
71;S1977;22.401.558
71;S1949;22.401.559
71;S479;22.401.560
71;S2725;22.401.561
71;S3530;22.401.562
71;S3442;22.401.563
71;S3291;22.401.564
71;S2472;22.401.565
71;S2046;22.401.566
71;S758;22.401.567
71;S3027;22.401.574
71;S2472;22.401.583
71;S2927;22.401.585
71;S3027;22.401.592
71;S3027;22.401.593
71;S3027;22.401.594
71;S3027;22.401.595
71;S3027;22.401.596
71;S3027;22.401.597
71;S3027;22.401.598
71;S3027;22.401.599
71;S3027;22.401.600
71;S3027;22.401.601
71;S59;22.401.603
71;S2046;22.401.607
71;S3027;22.401.609
71;S3027;22.401.612
71;S3027;22.401.613
71;S3027;22.401.614
71;S3027;22.401.615
71;S3027;22.401.616
71;S3027;22.401.617
71;S2343;22.401.618
71;S2336;22.401.619
71;S2755;22.401.622
71;S2578;22.401.629
71;S2343;22.401.638
71;S2681;22.401.639
71;S2121;22.401.640
71;S2375;22.401.641
71;S2121;22.401.642
71;S3027;22.401.643
71;S2375;22.401.644
71;S3027;22.401.646
71;S3027;22.401.647
71;S3027;22.401.648
71;S3027;22.401.650
71;S89;22.401.657
71;S150;22.401.658
71;S140;22.401.661
71;S1405;22.401.662
71;S2253;22.401.663
71;S2047;22.401.664
71;S2464;22.401.665
71;S59;22.401.666
71;S479;22.401.667
71;S46;22.401.668
71;S2712;22.401.669
71;S2464;22.401.670
71;S3910;22.401.671
71;S2528;22.401.672
71;S2187;22.401.673
71;S1748;22.401.674
71;S474;22.401.675
71;S3799;22.401.676
71;S66;22.401.677
71;S2046;22.401.678
71;S758;22.401.679
71;S3442;22.401.680
71;S2440;22.401.681
71;S91;22.401.682
71;S1499;22.401.683
71;S2046;22.401.684
71;S1994;22.401.685
71;S758;22.401.686
71;S2046;22.401.687
71;S602;22.401.688
71;S315;22.401.689
71;S2074;22.401.690
71;S1196;22.401.692
71;S2481;22.401.697
71;S3177;22.401.701
71;S2597;22.401.703
71;S2690;22.401.704
71;S2210;22.401.705
71;S2282;22.401.707
71;S479;22.401.708
71;S2047;22.401.709
71;S2578;22.401.710
71;S3027;22.401.711
71;S3027;22.401.712
71;S3027;22.401.713
71;S3027;22.401.714
71;S3027;22.401.715
71;S678;22.401.716
71;S3027;22.401.717
71;S3027;22.401.718
71;S3027;22.401.719
71;S2343;22.401.720
71;S2343;22.401.721
71;S482;22.401.722
71;S2343;22.401.725
71;S3642;22.401.729
71;S2388;22.401.730
71;S2658;22.401.731
71;S971;22.401.735
71;S1108;22.401.736
71;S3027;22.401.737
71;S3027;22.401.738
71;S3027;22.401.740
71;S3027;22.401.741
71;S1108;22.401.742
71;S1108;22.401.743
71;S3027;22.401.744
71;S1108;22.401.745
71;S1460;22.401.746
71;S59;22.401.747
71;S2464;22.401.748
71;S2210;22.401.749
71;S596;22.401.751
71;S2597;22.401.752
71;S3477;22.401.753
71;S596;22.401.754
71;S760;22.401.755
71;S764;22.401.756
71;S46;22.401.757
71;S3349;22.401.758
71;S2046;22.401.759
71;S1499;22.401.761
71;S2253;22.401.762
71;S479;22.401.763
71;S1292;22.401.764
71;S1820;22.401.765
71;S1826;22.401.768
71;S3530;22.401.769
71;S2349;22.401.773
71;S2927;22.401.774
71;S2046;22.401.775
71;S2343;22.401.777
71;S1499;22.401.778
71;S1994;22.401.779
71;S3335;22.401.780
71;S2472;22.401.781
71;S1994;22.401.783
71;S2046;22.401.784
71;S1196;22.401.796
71;S1994;22.401.797
71;S2121;22.401.803
71;S2349;22.401.804
71;S2343;22.401.805
71;S1820;22.401.806
71;S2625;22.401.807
71;S1384;22.401.808
71;S2187;22.401.809
71;S872;22.401.810
71;S1652;22.401.811
71;S59;22.401.812
71;S479;22.401.813
71;S2638;22.401.814
71;S2639;22.401.815
71;S638;22.401.816
71;S1460;22.401.817
71;S2253;22.401.818
71;S89;22.401.819
71;S228;22.401.820
71;S3291;22.401.821
71;S1108;22.401.831
71;S3027;22.401.842
71;S3027;22.401.843
71;S2046;22.401.844
71;S3027;22.401.845
71;S3027;22.401.846
71;S1499;22.401.847
71;S3027;22.401.848
71;S3027;22.401.849
71;S3027;22.401.850
71;S3027;22.401.851
71;S1196;22.401.852
71;S3027;22.401.853
71;S758;22.401.854
71;S1994;22.401.855
71;S3027;22.401.856
71;S3027;22.401.857
71;S3027;22.401.858
71;S3027;22.401.859
71;S3027;22.401.860
71;S3027;22.401.861
71;S3027;22.401.862
71;S2801;22.401.863
71;S3027;22.401.865
71;S1108;22.401.867
71;S1108;22.401.868
71;S91;22.401.869
71;S2033;22.401.870
71;S2046;22.401.871
71;S1499;22.401.872
71;S1667;22.401.874
71;S1460;22.401.875
71;S4122;22.401.876
71;S3477;22.401.877
71;S1108;22.401.878
71;S1108;22.401.879
71;S3291;22.401.880
71;S3442;22.401.881
71;S3291;22.401.882
71;S2472;22.401.884
71;S2927;22.401.885
71;S2725;22.401.886
71;S758;22.401.887
71;S2046;22.401.888
71;S3027;22.401.890
71;S3027;22.401.892
71;S3027;22.401.898
71;S3027;22.401.900
71;S3027;22.401.901
71;S2755;22.401.905
71;S905;22.401.914
71;S3291;22.401.916
71;S3027;22.401.917
71;S2349;22.401.918
71;S2472;22.401.919
71;S1414;22.401.920
71;S3027;22.401.921
71;S678;22.401.923
71;S1196;22.401.924
71;S2343;22.401.925
71;S1994;22.401.926
71;S1534;22.401.927
71;S282;22.401.928
71;S1994;22.401.929
71;S758;22.401.930
71;S1499;22.401.931
71;S1994;22.401.932
71;S2046;22.401.933
71;S2375;22.401.934
71;S1499;22.401.936
71;S2046;22.401.937
71;S1108;22.401.938
71;S1405;22.401.941
71;S3027;22.401.942
71;S2255;22.401.943
71;S3705;22.401.944
71;S1499;22.401.945
71;S2046;22.401.946
71;S2375;22.401.947
71;S758;22.401.948
71;S1994;22.401.949
71;S758;22.401.950
71;S1196;22.401.951
71;S3027;22.401.954
71;S3027;22.401.955
71;S3027;22.401.957
71;S3027;22.401.958
71;S3027;22.401.959
71;S2472;22.401.960
71;S2472;22.401.961
71;S1499;22.401.962
71;S2046;22.401.963
71;S1499;22.401.964
71;S1109;22.401.971
71;S1994;22.401.972
71;S2755;22.401.973
71;S905;22.401.974
71;S2786;22.401.975
71;S2046;22.401.976
71;S758;22.401.977
71;S2121;22.401.978
71;S1499;22.401.979
71;S758;22.401.980
71;S2375;22.401.981
71;S2121;22.401.987
71;S2205;22.401.991
71;S3027;22.401.994
71;S2343;22.401.995
71;S3027;22.401.996
71;S1196;22.401.997
71;S1994;22.401.998
71;S971;22.401.999
71;S1857;22.402.000
71;S854;22.402.002
71;S1384;22.402.003
71;S71;22.402.004
71;S1108;22.402.005
71;S1405;22.402.006
71;S3367;22.402.007
71;S2187;22.402.008
71;S3367;22.402.009
71;S479;22.402.011
71;S357;22.402.012
71;S2578;22.402.013
71;S2218;22.402.014
71;S228;22.402.015
71;S1460;22.402.016
71;S89;22.402.017
71;S59;22.402.018
71;S872;22.402.019
71;S3194;22.402.021
71;S3754;22.402.024
71;S1177;22.402.025
71;S2597;22.402.026
71;S66;22.402.027
71;S2047;22.402.028
71;S706;22.402.029
71;S2253;22.402.030
71;S2205;22.402.031
71;S1460;22.402.032
71;S3027;22.402.033
71;S3027;22.402.034
71;S3027;22.402.035
71;S474;22.402.036
71;S3027;22.402.037
71;S872;22.402.038
71;S3027;22.402.039
71;S3027;22.402.040
71;S3027;22.402.041
71;S3027;22.402.044
71;S2343;22.402.046
71;S2343;22.402.047
71;S2343;22.402.048
71;S2927;22.402.049
71;S2327;22.402.050
71;S2343;22.402.051
71;S2187;22.402.056
71;S2046;22.402.058
71;S2046;22.402.059
71;S315;22.402.061
71;S602;22.402.062
71;S1499;22.402.063
71;S1196;22.402.067
71;S758;22.402.069
71;S1499;22.402.070
71;S3291;22.402.071
71;S2176;22.402.072
71;S2472;22.402.074
71;S2343;22.402.076
71;S2725;22.402.077
71;S678;22.402.078
71;S2046;22.402.080
71;S3027;22.402.081
71;S3027;22.402.082
71;S3027;22.402.083
71;S3027;22.402.084
71;S1196;22.402.086
71;S3027;22.402.088
71;S3027;22.402.089
71;S1994;22.402.092
71;S758;22.402.093
71;S1108;22.402.095
71;S1108;22.402.096
71;S758;22.402.097
71;S1499;22.402.098
71;S3027;22.402.099
71;S3027;22.402.100
71;S2046;22.402.101
71;S1499;22.402.102
71;S2375;22.402.104
71;S907;22.402.105
71;S59;22.402.106
71;S59;22.402.107
71;S2121;22.402.111
71;S3705;22.402.112
71;S150;22.402.114
71;S1196;22.402.115
71;S1196;22.402.116
71;S3027;22.402.119
71;S3851;22.402.121
71;S971;22.402.122
71;S1460;22.402.123
71;S474;22.402.124
71;S1652;22.402.125
71;S2464;22.402.126
71;S2187;22.402.127
71;S1820;22.402.128
71;S3027;22.402.130
71;S1177;22.402.131
71;S59;22.402.132
71;S2253;22.402.133
71;S3027;22.402.134
71;S3027;22.402.135
71;S3027;22.402.136
71;S2433;22.402.138
71;S1994;22.402.140
71;S2349;22.402.142
71;S2472;22.402.143
71;S3442;22.402.144
71;S2046;22.402.145
71;S1499;22.402.146
71;S2927;22.402.147
71;S2176;22.402.148
71;S474;22.402.152
71;S175;22.402.153
71;S3574;22.402.154
71;S1460;22.402.155
71;S4122;22.402.156
71;S1826;22.402.157
71;S2597;22.402.158
71;S89;22.402.159
71;S59;22.402.160
71;S479;22.402.161
71;S3477;22.402.162
71;S1994;22.402.164
71;S2047;22.402.169
71;S640;22.402.170
71;S46;22.402.171
71;S758;22.402.183
71;S2343;22.402.187
71;S2755;22.402.189
71;S3027;22.402.190
71;S3027;22.402.191
71;S3027;22.402.192
71;S3027;22.402.193
71;S3027;22.402.195
71;S3027;22.402.196
71;S3027;22.402.197
71;S3027;22.402.198
71;S3027;22.402.199
71;S3027;22.402.200
71;S3027;22.402.201
71;S3027;22.402.202
71;S3027;22.402.203
71;S3514;22.402.206
71;S2046;22.402.209
71;S1108;22.402.210
71;S3442;22.402.211
71;S2786;22.402.212
71;S758;22.402.213
71;S2472;22.402.214
71;S2725;22.402.215
71;S482;22.402.216
71;S1499;22.402.217
71;S1196;22.402.218
71;S3335;22.402.219
71;S2927;22.402.220
71;S1108;22.402.221
71;S1994;22.402.222
71;S758;22.402.223
71;S1499;22.402.225
71;S1108;22.402.228
71;S596;22.402.229
71;S1292;22.402.230
71;S2375;22.402.231
71;S2472;22.402.232
71;S1994;22.402.234
71;S760;22.402.237
71;S3027;22.402.238
71;S3027;22.402.240
71;S3027;22.402.241
71;S3027;22.402.242
71;S2343;22.402.243
71;S1994;22.402.244
71;S678;22.402.248
71;S3027;22.402.252
71;S3027;22.402.253
71;S2253;22.402.261
71;S59;22.402.262
71;S638;22.402.263
71;S786;22.402.265
71;S2578;22.402.268
71;S2472;22.402.269
71;S2343;22.402.270
71;S2927;22.402.271
71;S2046;22.402.272
71;S1196;22.402.273
71;S1499;22.402.274
71;S2515;22.402.276
71;S3642;22.402.277
71;S1820;22.402.280
71;S1384;22.402.281
71;S175;22.402.282
71;S3027;22.402.283
71;S1748;22.402.284
71;S3027;22.402.285
71;S3027;22.402.286
71;S3027;22.402.287
71;S3027;22.402.288
71;S3027;22.402.289
71;S1108;22.402.292
71;S1108;22.402.293
71;S1108;22.402.294
71;S2778;22.402.295
71;S2343;22.402.297
71;S3514;22.402.298
71;S729;22.402.299
71;S1109;22.402.300
71;S1109;22.402.301
71;S1196;22.402.302
71;S1994;22.402.303
71;S2046;22.402.304
71;S1384;22.402.305
71;S2830;22.402.307
71;S3027;22.402.308
71;S3027;22.402.309
71;S3027;22.402.310
71;S3027;22.402.311
71;S3027;22.402.312
71;S3027;22.402.313
71;S3027;22.402.314
71;S3027;22.402.315
71;S2046;22.402.316
71;S758;22.402.317
71;S1499;22.402.318
71;S3027;22.402.319
71;S678;22.402.320
71;S1994;22.402.321
71;S1196;22.402.322
71;S2343;22.402.324
71;S2343;22.402.325
71;S2343;22.402.329
71;S76;22.402.330
71;S1384;22.402.331
71;S175;22.402.332
71;S2664;22.402.333
71;S199;22.402.334
71;S3477;22.402.335
71;S59;22.402.336
71;S474;22.402.337
71;S3989;22.402.338
71;S3221;22.402.339
71;S2187;22.402.340
71;S89;22.402.341
71;S175;22.402.342
71;S3344;22.402.343
71;S3346;22.402.344
71;S3420;22.402.345
71;S59;22.402.346
71;S2472;22.402.350
71;S315;22.402.351
71;S2349;22.402.353
71;S2942;22.402.354
71;S2472;22.402.355
71;S1499;22.402.356
71;S2375;22.402.357
71;S1994;22.402.358
71;S2046;22.402.359
71;S1994;22.402.360
71;S678;22.402.363
71;S3027;22.402.364
71;S1994;22.402.366
71;S971;22.402.369
71;S1108;22.402.371
71;S1499;22.402.374
71;S1196;22.402.375
71;S2046;22.402.376
71;S758;22.402.377
71;S59;22.402.384
71;S3249;22.402.386
71;S4108;22.402.387
71;S2349;22.402.388
71;S2375;22.402.389
71;S2046;22.402.390
71;S3851;22.402.391
71;S419;22.402.392
71;S786;22.402.393
71;S3477;22.402.394
71;S872;22.402.395
71;S3420;22.402.396
71;S2343;22.402.402
71;S3027;22.402.403
71;S3027;22.402.405
71;S3027;22.402.406
71;S3027;22.402.407
71;S3027;22.402.408
71;S3027;22.402.409
71;S3027;22.402.410
71;S3027;22.402.412
71;S3027;22.402.413
71;S3027;22.402.414
71;S3027;22.402.415
71;S3027;22.402.416
71;S3027;22.402.417
71;S3027;22.402.418
71;S3027;22.402.419
71;S3027;22.402.420
71;S2440;22.402.427
71;S2472;22.402.428
71;S2046;22.402.429
71;S1499;22.402.430
71;S1196;22.402.432
71;S282;22.402.436
71;S2343;22.402.444
71;S2046;22.402.447
71;S1196;22.402.448
71;S3027;22.402.450
71;S3027;22.402.451
71;S3027;22.402.452
71;S3027;22.402.453
71;S3027;22.402.454
71;S3027;22.402.455
71;S3027;22.402.456
71;S1108;22.402.457
71;S1108;22.402.458
71;S1108;22.402.460
71;S1108;22.402.461
71;S2343;22.402.463
71;S59;22.402.464
71;S1460;22.402.465
71;S140;22.402.466
71;S2253;22.402.467
71;S2597;22.402.468
71;S46;22.402.469
71;S1820;22.402.471
71;S155;22.402.472
71;S638;22.402.473
71;S2047;22.402.474
71;S2616;22.402.475
71;S3027;22.402.478
71;S2927;22.402.479
71;S2472;22.402.480
71;S2046;22.402.481
71;S1499;22.402.482
71;S1994;22.402.483
71;S758;22.402.484
71;S2046;22.402.487
71;S319;22.402.488
71;S1460;22.402.489
71;S2187;22.402.490
71;S1852;22.402.492
71;S1820;22.402.493
71;S2282;22.402.494
71;S1384;22.402.495
71;S479;22.402.496
71;S3027;22.402.500
71;S3027;22.402.501
71;S3027;22.402.502
71;S3027;22.402.503
71;S3027;22.402.504
71;S59;22.402.505
71;S2176;22.402.510
71;S2046;22.402.512
71;S1499;22.402.513
71;S2472;22.402.515
71;S758;22.402.516
71;S2440;22.402.517
71;S2927;22.402.518
71;S357;22.402.519
71;S3291;22.402.520
71;S357;22.402.521
71;S2472;22.402.522
71;S2349;22.402.524
71;S2343;22.402.526
71;S140;22.402.531
71;S872;22.402.532
71;S706;22.402.533
71;S797;22.402.534
71;S59;22.402.535
71;S1841;22.402.536
71;S46;22.402.537
71;S2979;22.402.538
71;S4122;22.402.539
71;S872;22.402.540
71;S1108;22.402.542
71;S3420;22.402.543
71;S1108;22.402.544
71;S1108;22.402.545
71;S1108;22.402.546
71;S1108;22.402.547
71;S1460;22.402.548
71;S1390;22.402.549
71;S1695;22.402.550
71;S59;22.402.551
71;S46;22.402.552
71;S764;22.402.553
71;S2440;22.402.554
71;S3437;22.402.555
71;S1820;22.402.556
71;S2690;22.402.557
71;S2210;22.402.558
71;S1460;22.402.559
71;S59;22.402.560
71;S474;22.402.561
71;S854;22.402.571
71;S786;22.402.572
71;S3194;22.402.573
71;S678;22.402.575
71;S758;22.402.579
71;S1196;22.402.580
71;S2472;22.402.581
71;S3027;22.402.584
71;S3027;22.402.585
71;S3027;22.402.586
71;S3027;22.402.587
71;S3027;22.402.588
71;S3027;22.402.589
71;S3027;22.402.590
71;S3027;22.402.591
71;S3027;22.402.592
71;S3027;22.402.593
71;S3027;22.402.594
71;S3027;22.402.595
71;S3027;22.402.596
71;S2333;22.402.597
71;S3027;22.402.598
71;S1460;22.402.600
71;S1994;22.402.601
71;S2349;22.402.602
71;S3442;22.402.603
71;S2472;22.402.604
71;S758;22.402.605
71;S2046;22.402.606
71;S1499;22.402.607
71;S1994;22.402.608
71;S1499;22.402.610
71;S2927;22.402.611
71;S1196;22.402.612
71;S2578;22.402.614
71;S3442;22.402.615
71;S2472;22.402.616
71;S2927;22.402.617
71;S3350;22.402.620
71;S2648;22.402.621
71;S3851;22.402.623
71;S59;22.402.624
71;S1852;22.402.625
71;S2481;22.402.626
71;S2638;22.402.627
71;S2830;22.402.628
71;S4122;22.402.629
71;S2343;22.402.630
71;S4122;22.402.631
71;S474;22.402.632
71;S2949;22.402.633
71;S24;22.402.634
71;S746;22.402.636
71;S46;22.402.638
71;S1460;22.402.639
71;S46;22.402.640
71;S2121;22.402.641
71;S2578;22.402.649
71;S3027;22.402.651
71;S3027;22.402.655
71;S2343;22.402.656
71;S2343;22.402.658
71;S2343;22.402.659
71;S3027;22.402.662
71;S3027;22.402.663
71;S3027;22.402.664
71;S3027;22.402.665
71;S3027;22.402.666
71;S3027;22.402.667
71;S3027;22.402.668
71;S3027;22.402.669
71;S150;22.402.670
71;S1109;22.402.671
71;S1109;22.402.672
71;S3027;22.402.674
71;S3756;22.402.682
71;S1994;22.402.683
71;S1460;22.402.689
71;S59;22.402.692
71;S1852;22.402.693
71;S1450;22.402.695
71;S2210;22.402.696
71;S307;22.402.698
71;S854;22.402.699
71;S24;22.402.700
71;S1384;22.402.701
71;S596;22.402.702
71;S3437;22.402.703
71;S1820;22.402.704
71;S2253;22.402.705
71;S3420;22.402.706
71;S59;22.402.708
71;S46;22.402.709
71;S1108;22.402.713
71;S1108;22.402.714
71;S2472;22.402.715
71;S678;22.402.716
71;S2464;22.402.717
71;S2343;22.402.719
71;S2343;22.402.720
71;S24;22.402.722
71;S1196;22.402.723
71;S2047;22.402.724
71;S2343;22.402.725
71;S1384;22.402.727
71;S2121;22.402.729
71;S59;22.402.730
71;S854;22.402.731
71;S1384;22.402.732
71;S1405;22.402.733
71;S1460;22.402.734
71;S84;22.402.735
71;S596;22.402.736
71;S2464;22.402.737
71;S3331;22.402.738
71;S3675;22.402.739
71;S185;22.402.740
71;S608;22.402.741
71;S59;22.402.742
71;S89;22.402.743
71;S71;22.402.744
71;S228;22.402.745
71;S1629;22.402.747
71;S2690;22.402.748
71;S1820;22.402.750
71;S1977;22.402.751
71;S474;22.402.752
71;S2222;22.402.754
71;S1196;22.402.761
71;S3027;22.402.766
71;S3027;22.402.768
71;S3027;22.402.772
71;S3027;22.402.773
71;S3027;22.402.774
71;S3027;22.402.775
71;S3027;22.402.776
71;S3027;22.402.777
71;S3027;22.402.778
71;S3027;22.402.779
71;S3027;22.402.781
71;S479;22.402.782
71;S140;22.402.783
71;S1460;22.402.784
71;S2253;22.402.785
71;S1335;22.402.786
71;S59;22.402.787
71;S505;22.402.788
71;S2187;22.402.789
71;S1384;22.402.790
71;S474;22.402.794
71;S2210;22.402.795
71;S2625;22.402.796
71;S2187;22.402.797
71;S175;22.402.798
71;S638;22.402.799
71;S843;22.402.801
71;S2472;22.402.802
71;S786;22.402.804
71;S2046;22.402.805
71;S1499;22.402.806
71;S758;22.402.807
71;S3493;22.402.809
71;S786;22.402.810
71;S2255;22.402.811
71;S1994;22.402.812
71;S758;22.402.814
71;S2472;22.402.815
71;S3442;22.402.816
71;S315;22.402.817
71;S1945;22.402.819
71;S2927;22.402.820
71;S3335;22.402.821
71;S1994;22.402.822
71;S2725;22.402.824
71;S1405;22.402.826
71;S854;22.402.827
71;S2047;22.402.828
71;S1196;22.402.830
71;S2343;22.402.832
71;S3027;22.402.833
71;S1820;22.402.838
71;S2343;22.402.841
71;S2755;22.402.843
71;S2388;22.402.844
71;S66;22.402.845
71;S758;22.402.846
71;S1499;22.402.847
71;S2046;22.402.849
71;S2349;22.402.850
71;S2343;22.402.851
71;S2472;22.402.852
71;S1994;22.402.854
71;S2046;22.402.855
71;S1499;22.402.856
71;S758;22.402.858
71;S1384;22.402.859
71;S1695;22.402.860
71;S3027;22.402.861
71;S3027;22.402.862
71;S2544;22.402.863
71;S3027;22.402.864
71;S3027;22.402.865
71;S3027;22.402.866
71;S3027;22.402.867
71;S3027;22.402.868
71;S3027;22.402.869
71;S3027;22.402.870
71;S1994;22.402.871
71;S3107;22.402.872
71;S3027;22.402.876
71;S3027;22.402.877
71;S3027;22.402.880
71;S3027;22.402.881
71;S3027;22.402.882
71;S1196;22.402.885
71;S758;22.402.886
71;S3530;22.402.888
71;S2074;22.402.889
71;S315;22.402.890
71;S2927;22.402.891
71;S2472;22.402.892
71;S1994;22.402.893
71;S2046;22.402.894
71;S482;22.402.895
71;S1499;22.402.896
71;S3291;22.402.897
71;S3027;22.402.898
71;S3027;22.402.899
71;S3027;22.402.900
71;S3027;22.402.901
71;S3705;22.402.903
71;S3367;22.402.909
71;S2472;22.402.917
71;S2046;22.402.918
71;S2046;22.402.919
71;S3027;22.402.920
71;S3027;22.402.921
71;S3027;22.402.922
71;S3027;22.402.923
71;S3027;22.402.924
71;S3541;22.402.925
71;S3027;22.402.926
71;S3541;22.402.927
71;S3027;22.402.928
71;S3027;22.402.929
71;S3541;22.402.930
71;S3027;22.402.931
71;S3027;22.402.932
71;S3027;22.402.933
71;S1499;22.402.935
71;S1994;22.402.936
71;S2046;22.402.937
71;S3367;22.402.938
71;S2440;22.402.939
71;S1209;22.402.940
71;S2472;22.402.941
71;S1785;22.402.942
71;S758;22.402.943
71;S678;22.402.944
71;S1196;22.402.946
71;S2046;22.402.947
71;S1499;22.402.949
71;S758;22.402.950
71;S2046;22.402.951
71;S3541;22.402.952
71;S59;22.402.953
71;S764;22.402.954
71;S2678;22.402.955
71;S1335;22.402.956
71;S872;22.402.957
71;S2464;22.402.958
71;S2253;22.402.959
71;S71;22.402.960
71;S419;22.402.961
71;S2616;22.402.962
71;S2778;22.402.967
71;S2121;22.402.968
71;S2927;22.402.970
71;S2343;22.402.973
71;S758;22.402.975
71;S2046;22.402.976
71;S1499;22.402.977
71;S1994;22.402.978
71;S3291;22.402.979
71;S3530;22.402.980
71;S2725;22.402.981
71;S3027;22.402.982
71;S3027;22.402.983
71;S3027;22.402.984
71;S3027;22.402.986
71;S3027;22.402.987
71;S826;22.402.996
71;S1292;22.402.997
71;S826;22.402.998
71;S1460;22.402.999
71;S2046;22.403.000
71;S2121;22.403.001
71;S199;22.403.002
71;S1384;22.403.003
71;S140;22.403.004
71;S2210;22.403.005
71;S854;22.403.006
71;S2253;22.403.007
71;S640;22.403.008
71;S1405;22.403.010
71;S89;22.403.011
71;S872;22.403.012
71;S59;22.403.013
71;S2047;22.403.014
71;S764;22.403.015
71;S3027;22.403.024
71;S3027;22.403.026
71;S66;22.403.029
71;S3027;22.403.030
71;S3027;22.403.034
71;S3027;22.403.035
71;S3027;22.403.036
71;S3027;22.403.037
71;S3027;22.403.038
71;S3027;22.403.039
71;S1414;22.403.040
71;S3027;22.403.041
71;S3027;22.403.042
71;S3027;22.403.044
71;S2343;22.403.045
71;S2927;22.403.046
71;S2472;22.403.048
71;S3291;22.403.049
71;S1994;22.403.050
71;S2046;22.403.051
71;S1499;22.403.052
71;S3420;22.403.054
71;S3541;22.403.055
71;S1109;22.403.063
71;S1079;22.403.064
71;S3194;22.403.070
71;S479;22.403.071
71;S1748;22.403.072
71;S1826;22.403.073
71;S2464;22.403.074
71;S760;22.403.076
71;S59;22.403.077
71;S140;22.403.078
71;S638;22.403.079
71;S1384;22.403.080
71;S3027;22.403.081
71;S3027;22.403.083
71;S3027;22.403.084
71;S3027;22.403.085
71;S3027;22.403.086
71;S854;22.403.087
71;S2397;22.403.088
71;S1292;22.403.089
71;S2210;22.403.090
71;S794;22.403.091
71;S479;22.403.092
71;S2472;22.403.093
71;S1994;22.403.094
71;S3442;22.403.095
71;S2046;22.403.096
71;S2927;22.403.097
71;S1499;22.403.098
71;S758;22.403.099
71;S2176;22.403.100
71;S357;22.403.101
71;S2375;22.403.102
71;S2343;22.403.103
71;S3194;22.403.107
71;S84;22.403.108
71;S3850;22.403.109
71;S3838;22.403.111
71;S1460;22.403.112
71;S854;22.403.113
71;S3027;22.403.115
71;S3027;22.403.116
71;S3027;22.403.117
71;S3027;22.403.118
71;S3027;22.403.119
71;S3027;22.403.120
71;S3027;22.403.121
71;S3027;22.403.122
71;S3027;22.403.123
71;S3027;22.403.124
71;S3027;22.403.125
71;S3027;22.403.126
71;S2472;22.403.127
71;S3291;22.403.128
71;S3027;22.403.129
71;S2349;22.403.131
71;S1994;22.403.133
71;S2255;22.403.134
71;S2440;22.403.135
71;S2927;22.403.137
71;S758;22.403.138
71;S2121;22.403.141
71;S1785;22.403.147
71;S1196;22.403.148
71;S1499;22.403.149
71;S2046;22.403.150
71;S2755;22.403.167
71;S2343;22.403.168
71;S1109;22.403.169
71;S1108;22.403.171
71;S1108;22.403.172
71;S1994;22.403.173
71;S2755;22.403.174
71;S2755;22.403.175
71;S2755;22.403.176
71;S4170;22.403.177
71;S1108;22.403.178
71;S2755;22.403.179
71;S1196;22.403.180
71;S2046;22.403.181
71;S2046;22.403.182
71;S1499;22.403.183
71;S91;22.403.184
71;S3367;22.403.185
71;S1196;22.403.186
71;S758;22.403.188
71;S1994;22.403.189
71;S2375;22.403.190
71;S1196;22.403.191
71;S1499;22.403.192
71;S602;22.403.193
71;S2074;22.403.194
71;S2472;22.403.195
71;S2927;22.403.196
71;S2343;22.403.197
71;S3291;22.403.198
71;S315;22.403.199
71;S2343;22.403.200
71;S2343;22.403.201
71;S3027;22.403.203
71;S3027;22.403.204
71;S3027;22.403.205
71;S3027;22.403.207
71;S3027;22.403.208
71;S3027;22.403.209
71;S2343;22.403.210
71;S2343;22.403.211
71;S2187;22.403.212
71;S1499;22.403.213
71;S140;22.403.214
71;S640;22.403.215
71;S479;22.403.216
71;S76;22.403.217
71;S958;22.403.218
71;S474;22.403.219
71;S2653;22.403.220
71;S2464;22.403.221
71;S1977;22.403.222
71;S2046;22.403.224
71;S1994;22.403.225
71;S1499;22.403.226
71;S3291;22.403.227
71;S2046;22.403.229
71;S2472;22.403.230
71;S1196;22.403.231
71;S786;22.403.232
71;S2343;22.403.233
71;S3695;22.403.234
71;S2046;22.403.235
71;S1499;22.403.236
71;S758;22.403.240
71;S1196;22.403.241
71;S1499;22.403.243
71;S2046;22.403.248
71;S2176;22.403.249
71;S1994;22.403.250
71;S758;22.403.251
71;S2046;22.403.254
71;S1499;22.403.255
71;S2253;22.403.256
71;S1460;22.403.257
71;S1652;22.403.258
71;S397;22.403.259
71;S59;22.403.260
71;S1852;22.403.261
71;S2472;22.403.262
71;S758;22.403.264
71;S1499;22.403.265
71;S2046;22.403.270
71;S1499;22.403.271
71;S2472;22.403.272
71;S2388;22.403.273
71;S3291;22.403.275
71;S2472;22.403.276
71;S89;22.403.277
71;S3291;22.403.278
71;S2927;22.403.279
71;S2440;22.403.280
71;S199;22.403.281
71;S1292;22.403.282
71;S1695;22.403.283
71;S71;22.403.284
71;S640;22.403.285
71;S3027;22.403.286
71;S3027;22.403.287
71;S3027;22.403.288
71;S3027;22.403.289
71;S3027;22.403.290
71;S3027;22.403.291
71;S3027;22.403.292
71;S3027;22.403.293
71;S3027;22.403.294
71;S3027;22.403.295
71;S3027;22.403.296
71;S3027;22.403.298
71;S3027;22.403.299
71;S3027;22.403.300
71;S3027;22.403.301
71;S3027;22.403.302
71;S3027;22.403.303
71;S3027;22.403.304
71;S1108;22.403.305
71;S2046;22.403.306
71;S1499;22.403.307
71;S758;22.403.308
71;S1196;22.403.310
71;S66;22.403.311
71;S872;22.403.317
71;S640;22.403.318
71;S1177;22.403.320
71;S3481;22.403.321
71;S3291;22.403.322
71;S2046;22.403.325
71;S758;22.403.336
71;S1196;22.403.337
71;S2343;22.403.338
71;S2343;22.403.339
71;S3989;22.403.340
71;S3027;22.403.341
71;S3027;22.403.342
71;S3027;22.403.343
71;S3027;22.403.344
71;S3027;22.403.345
71;S3027;22.403.346
71;S3027;22.403.347
71;S3027;22.403.348
71;S3027;22.403.349
71;S3027;22.403.350
71;S3367;22.403.351
71;S1499;22.403.353
71;S2046;22.403.354
71;S4106;22.403.355
71;S758;22.403.356
71;S1499;22.403.357
71;S2725;22.403.358
71;S2046;22.403.359
71;S2046;22.403.362
71;S59;22.403.364
71;S2046;22.403.366
71;S2909;22.403.368
71;S1109;22.403.369
71;S3027;22.403.370
71;S3027;22.403.371
71;S3027;22.403.372
71;S3027;22.403.373
71;S3027;22.403.374
71;S1196;22.403.380
71;S2121;22.403.381
71;S3027;22.403.382
71;S4157;22.403.388
71;S1384;22.403.389
71;S140;22.403.390
71;S3027;22.403.391
71;S4122;22.403.392
71;S3344;22.403.393
71;S3027;22.403.394
71;S59;22.403.395
71;S3027;22.403.396
71;S3346;22.403.397
71;S3420;22.403.398
71;S3027;22.403.400
71;S3027;22.403.401
71;S3027;22.403.402
71;S1108;22.403.403
71;S1109;22.403.404
71;S66;22.403.405
71;S3420;22.403.415
71;S1384;22.403.416
71;S4157;22.403.417
71;S505;22.403.418
71;S2464;22.403.419
71;S199;22.403.420
71;S479;22.403.421
71;S1748;22.403.422
71;S2464;22.403.423
71;S3027;22.403.424
71;S2472;22.403.425
71;S2343;22.403.426
71;S3291;22.403.428
71;S2343;22.403.429
71;S3291;22.403.431
71;S3027;22.403.432
71;S3291;22.403.434
71;S2046;22.403.435
71;S282;22.403.436
71;S758;22.403.437
71;S2472;22.403.438
71;S1994;22.403.439
71;S3291;22.403.440
71;S2725;22.403.441
71;S1499;22.403.442
71;S2046;22.403.443
71;S2210;22.403.444
71;S2927;22.403.446
71;S3530;22.403.447
71;S3291;22.403.448
71;S2121;22.403.453
71;S1994;22.403.454
71;S2472;22.403.455
71;S2343;22.403.457
71;S3756;22.403.458
71;S1196;22.403.459
71;S2578;22.403.464
71;S2343;22.403.465
71;S1994;22.403.468
71;S3027;22.403.469
71;S66;22.403.470
71;S3027;22.403.472
71;S3027;22.403.473
71;S3027;22.403.474
71;S3027;22.403.475
71;S2830;22.403.476
71;S2205;22.403.477
71;S2343;22.403.478
71;S474;22.403.479
71;S140;22.403.480
71;S2187;22.403.481
71;S155;22.403.482
71;S199;22.403.483
71;S3414;22.403.484
71;S1292;22.403.485
71;S2464;22.403.487
71;S505;22.403.488
71;S764;22.403.489
71;S1460;22.403.490
71;S854;22.403.491
71;S1949;22.403.493
71;S640;22.403.494
71;S1826;22.403.495
71;S1405;22.403.496
71;S140;22.403.497
71;S2187;22.403.498
71;S3420;22.403.499
71;S854;22.403.500
71;S3675;22.403.501
71;S872;22.403.502
71;S1384;22.403.503
71;S801;22.403.504
71;S3027;22.403.505
71;S3027;22.403.506
71;S3027;22.403.507
71;S1820;22.403.508
71;S2343;22.403.509
71;S3027;22.403.511
71;S2046;22.403.513
71;S1499;22.403.514
71;S2472;22.403.515
71;S758;22.403.516
71;S3291;22.403.517
71;S1196;22.403.518
71;S1499;22.403.520
71;S758;22.403.521
71;S1414;22.403.522
71;S2046;22.403.523
71;S1994;22.403.524
71;S2375;22.403.525
71;S1994;22.403.534
71;S2464;22.403.535
71;S59;22.403.537
71;S1667;22.403.539
71;S2616;22.403.540
71;S1820;22.403.542
71;S872;22.403.543
71;S1652;22.403.544
71;S474;22.403.545
71;S175;22.403.546
71;S854;22.403.547
71;S46;22.403.548
71;S3989;22.403.549
71;S505;22.403.550
71;S24;22.403.551
71;S66;22.403.552
71;S1994;22.403.554
71;S2472;22.403.555
71;S3027;22.403.556
71;S3027;22.403.557
71;S3027;22.403.558
71;S3027;22.403.559
71;S3027;22.403.560
71;S3027;22.403.561
71;S1196;22.403.562
71;S3027;22.403.563
71;S2046;22.403.564
71;S2349;22.403.566
71;S2927;22.403.567
71;S3291;22.403.568
71;S3027;22.403.571
71;S1977;22.403.572
71;S1460;22.403.573
71;S1624;22.403.574
71;S2187;22.403.575
71;S419;22.403.576
71;S3510;22.403.577
71;S3484;22.403.578
71;S199;22.403.579
71;S1384;22.403.580
71;S2188;22.403.581
71;S854;22.403.582
71;S2253;22.403.583
71;S71;22.403.584
71;S1820;22.403.585
71;S2047;22.403.586
71;S2472;22.403.587
71;S3291;22.403.588
71;S2349;22.403.589
71;S2343;22.403.590
71;S2472;22.403.591
71;S2046;22.403.592
71;S2927;22.403.593
71;S3335;22.403.594
71;S1499;22.403.595
71;S1292;22.403.597
71;S2121;22.403.599
71;S854;22.403.601
71;S2194;22.403.602
71;S3026;22.403.603
71;S1460;22.403.604
71;S3026;22.403.605
71;S2778;22.403.607
71;S2333;22.403.608
71;S2121;22.403.611
71;S1949;22.403.614
71;S1820;22.403.615
71;S760;22.403.616
71;S596;22.403.617
71;S3851;22.403.619
71;S3291;22.403.621
71;S315;22.403.622
71;S2472;22.403.623
71;S2343;22.403.624
71;S2872;22.403.625
71;S3164;22.403.626
71;S1994;22.403.627
71;S2046;22.403.628
71;S1499;22.403.629
71;S758;22.403.630
71;S357;22.403.631
71;S2343;22.403.633
71;S1292;22.403.639
71;S1460;22.403.640
71;S59;22.403.641
71;S505;22.403.642
71;S2202;22.403.643
71;S89;22.403.644
71;S3249;22.403.645
71;S3221;22.403.646
71;S2187;22.403.647
71;S2578;22.403.650
71;S2343;22.403.651
71;S3989;22.403.652
71;S3027;22.403.653
71;S3027;22.403.654
71;S3027;22.403.655
71;S3027;22.403.656
71;S3027;22.403.657
71;S3027;22.403.658
71;S3027;22.403.659
71;S3027;22.403.660
71;S3027;22.403.661
71;S3027;22.403.662
71;S3027;22.403.663
71;S3027;22.403.664
71;S3291;22.403.665
71;S3027;22.403.670
71;S3027;22.403.671
71;S3027;22.403.674
71;S3026;22.403.675
71;S4176;22.403.677
71;S4176;22.403.678
71;S2046;22.403.679
71;S1499;22.403.680
71;S758;22.403.681
71;S2440;22.403.682
71;S2046;22.403.684
71;S1499;22.403.685
71;S1499;22.403.686
71;S2121;22.403.687
71;S91;22.403.688
71;S2681;22.403.689
71;S150;22.403.692
71;S1196;22.403.697
71;S3027;22.403.703
71;S3027;22.403.704
71;S3027;22.403.705
71;S3027;22.403.706
71;S3027;22.403.707
71;S3027;22.403.708
71;S3027;22.403.709
71;S3027;22.403.710
71;S3027;22.403.711
71;S3027;22.403.712
71;S59;22.403.713
71;S3675;22.403.714
71;S84;22.403.715
71;S89;22.403.717
71;S4176;22.403.718
71;S3643;22.403.725
71;S2375;22.403.726
71;S1994;22.403.727
71;S678;22.403.728
71;S2046;22.403.729
71;S1499;22.403.730
71;S1196;22.403.731
71;S758;22.403.732
71;S3291;22.403.733
71;S602;22.403.734
71;S2349;22.403.735
71;S282;22.403.736
71;S2472;22.403.738
71;S2046;22.403.739
71;S2755;22.403.742
71;S2046;22.403.747
71;S2343;22.403.749
71;S1994;22.403.750
71;S1196;22.403.751
71;S2222;22.403.752
71;S3910;22.403.753
71;S1292;22.403.754
71;S1460;22.403.755
71;S2464;22.403.756
71;S872;22.403.757
71;S59;22.403.758
71;S3437;22.403.759
71;S3221;22.403.760
71;S175;22.403.761
71;S166;22.403.762
71;S3291;22.403.763
71;S3027;22.403.764
71;S3027;22.403.765
71;S3027;22.403.766
71;S3027;22.403.767
71;S3027;22.403.768
71;S3027;22.403.770
71;S1499;22.403.771
71;S3027;22.403.772
71;S3027;22.403.773
71;S2046;22.403.774
71;S3027;22.403.775
71;S758;22.403.776
71;S3026;22.403.777
71;S2343;22.403.782
71;S1196;22.403.785
71;S2616;22.403.786
71;S1820;22.403.787
71;S59;22.403.788
71;S3027;22.403.795
71;S3027;22.403.796
71;S3027;22.403.797
71;S2176;22.403.801
71;S2472;22.403.802
71;S2046;22.403.808
71;S3027;22.403.811
71;S1499;22.403.812
71;S1196;22.403.813
71;S758;22.403.814
71;S3027;22.403.815
71;S3027;22.403.816
71;S3027;22.403.817
71;S3027;22.403.818
71;S3027;22.403.819
71;S3027;22.403.820
71;S3027;22.403.821
71;S59;22.403.822
71;S46;22.403.823
71;S1652;22.403.824
71;S140;22.403.825
71;S479;22.403.826
71;S2464;22.403.827
71;S854;22.403.828
71;S199;22.403.829
71;S989;22.403.830
71;S1826;22.403.831
71;S1384;22.403.832
71;S175;22.403.833
71;S1384;22.403.834
71;S2047;22.403.835
71;S3420;22.403.836
71;S2343;22.403.846
71;S1994;22.403.849
71;S2755;22.403.850
71;S3027;22.403.851
71;S3027;22.403.853
71;S3027;22.403.854
71;S3027;22.403.855
71;S3026;22.403.856
71;S3026;22.403.857
71;S3027;22.403.859
71;S3027;22.403.860
71;S3027;22.403.861
71;S3027;22.403.863
71;S3027;22.403.864
71;S3226;22.403.865
71;S1292;22.403.866
71;S2653;22.403.867
71;S640;22.403.868
71;S59;22.403.869
71;S3027;22.403.870
71;S3027;22.403.871
71;S3027;22.403.872
71;S3027;22.403.873
71;S3027;22.403.874
71;S3027;22.403.875
71;S2343;22.403.880
71;S3291;22.403.881
71;S758;22.403.884
71;S1499;22.403.885
71;S1994;22.403.886
71;S3291;22.403.887
71;S2472;22.403.888
71;S2046;22.403.889
71;S2343;22.403.891
71;S2343;22.403.893
71;S2927;22.403.894
71;S3291;22.403.895
71;S2678;22.403.899
71;S59;22.403.900
71;S785;22.403.901
71;S474;22.403.902
71;S150;22.403.906
71;S764;22.403.908
71;S2472;22.403.909
71;S59;22.403.912
71;S51;22.403.915
71;S2578;22.403.916
71;S2343;22.403.917
71;S2343;22.403.918
71;S3027;22.403.919
71;S3027;22.403.920
71;S3027;22.403.921
71;S3027;22.403.922
71;S4157;22.403.923
71;S2464;22.403.924
71;S76;22.403.925
71;S2222;22.403.926
71;S1949;22.403.927
71;S2712;22.403.928
71;S872;22.403.929
71;S199;22.403.930
71;S2343;22.403.932
71;S2343;22.403.933
71;S2343;22.403.934
71;S2927;22.403.936
71;S2578;22.403.937
71;S2046;22.403.938
71;S2343;22.403.939
71;S1499;22.403.940
71;S2472;22.403.941
71;S2440;22.403.942
71;S2349;22.403.943
71;S958;22.403.951
71;S4157;22.403.954
71;S71;22.403.956
71;S1820;22.403.957
71;S786;22.403.958
71;S2180;22.403.959
71;S479;22.403.960
71;S2464;22.403.961
71;S2253;22.403.962
71;S1460;22.403.963
71;S2047;22.403.964
71;S872;22.403.965
71;S1499;22.403.966
71;S1196;22.403.967
71;S66;22.403.980
71;S3027;22.403.983
71;S1108;22.403.985
71;S1108;22.403.986
71;S1108;22.403.987
71;S1108;22.403.988
71;S1108;22.403.989
71;S1460;22.403.990
71;S3027;22.403.991
71;S3027;22.403.992
71;S3027;22.403.993
71;S3027;22.403.994
71;S3027;22.403.995
71;S1460;22.403.997
71;S1652;22.403.998
71;S59;22.403.999
71;S3477;22.404.000
71;S3694;22.404.001
71;S2253;22.404.002
71;S479;22.404.003
71;S89;22.404.004
71;S1384;22.404.005
71;S3026;22.404.006
71;S2047;22.404.007
71;S3420;22.404.008
71;S2464;22.404.009
71;S1109;22.404.011
71;S1109;22.404.012
71;S1109;22.404.013
71;S2920;22.404.014
71;S2927;22.404.018
71;S3442;22.404.019
71;S3291;22.404.020
71;S2472;22.404.021
71;S91;22.404.022
71;S2343;22.404.023
71;S1994;22.404.025
71;S758;22.404.026
71;S2046;22.404.027
71;S1499;22.404.028
71;S1196;22.404.029
71;S3335;22.404.030
71;S1994;22.404.032
71;S678;22.404.033
71;S1994;22.404.040
71;S3027;22.404.043
71;S3027;22.404.044
71;S3027;22.404.045
71;S3027;22.404.046
71;S3027;22.404.047
71;S3027;22.404.048
71;S2343;22.404.052
71;S2343;22.404.054
71;S1460;22.404.055
71;S1695;22.404.056
71;S397;22.404.057
71;S1460;22.404.058
71;S59;22.404.059
71;S1820;22.404.060
71;S2210;22.404.061
71;S59;22.404.062
71;S505;22.404.063
71;S3026;22.404.064
71;S84;22.404.066
71;S854;22.404.067
71;S2046;22.404.068
71;S1196;22.404.070
71;S2778;22.404.071
71;S758;22.404.072
71;S1499;22.404.073
71;S2046;22.404.074
71;S2046;22.404.075
71;S1196;22.404.079
71;S3442;22.404.080
71;S2046;22.404.081
71;S1499;22.404.082
71;S758;22.404.083
71;S2472;22.404.086
71;S678;22.404.088
71;S1499;22.404.089
71;S2725;22.404.090
71;S1994;22.404.091
71;S3442;22.404.092
71;S3027;22.404.093
71;S3027;22.404.094
71;S3027;22.404.095
71;S3027;22.404.096
71;S3027;22.404.097
71;S3027;22.404.098
71;S3027;22.404.099
71;S1108;22.404.100
71;S3107;22.404.102
71;S3291;22.404.103
71;S2333;22.404.105
71;S758;22.404.106
71;S2725;22.404.107
71;S2046;22.404.108
71;S2472;22.404.110
71;S3027;22.404.114
71;S3027;22.404.117
71;S3027;22.404.118
71;S3027;22.404.119
71;S3027;22.404.120
71;S3027;22.404.121
71;S3027;22.404.122
71;S1108;22.404.123
71;S3027;22.404.125
71;S1108;22.404.126
71;S2046;22.404.127
71;S1499;22.404.128
71;S2375;22.404.129
71;S1460;22.404.130
71;S3027;22.404.133
71;S3027;22.404.134
71;S2121;22.404.139
71;S2121;22.404.140
71;S2343;22.404.141
71;S2343;22.404.142
71;S2578;22.404.144
71;S66;22.404.145
71;S3027;22.404.149
71;S2046;22.404.150
71;S1499;22.404.151
71;S758;22.404.152
71;S3027;22.404.154
71;S3027;22.404.155
71;S3027;22.404.156
71;S3027;22.404.161
71;S3027;22.404.163
71;S3027;22.404.164
71;S1460;22.404.165
71;S140;22.404.166
71;S59;22.404.170
71;S764;22.404.171
71;S2282;22.404.172
71;S140;22.404.173
71;S1820;22.404.174
71;S2440;22.404.175
71;S2927;22.404.176
71;S3335;22.404.177
71;S2472;22.404.178
71;S2681;22.404.179
71;S84;22.404.181
71;S2616;22.404.183
71;S84;22.404.188
71;S2343;22.404.190
71;S2755;22.404.191
71;S1079;22.404.195
71;S3291;22.404.197
71;S2343;22.404.199
71;S960;22.404.200
71;S150;22.404.201
71;S786;22.404.202
71;S3194;22.404.203
71;S1460;22.404.204
71;S59;22.404.205
71;S1820;22.404.206
71;S2578;22.404.207
71;S2343;22.404.208
71;S505;22.404.210
71;S479;22.404.211
71;S1460;22.404.213
71;S1384;22.404.215
71;S960;22.404.216
71;S3027;22.404.218
71;S2304;22.404.219
71;S3027;22.404.220
71;S3027;22.404.221
71;S3027;22.404.222
71;S3027;22.404.223
71;S3027;22.404.224
71;S3027;22.404.225
71;S3027;22.404.226
71;S3027;22.404.227
71;S3027;22.404.228
71;S1109;22.404.230
71;S3291;22.404.232
71;S2638;22.404.234
71;S59;22.404.235
71;S24;22.404.236
71;S2940;22.404.237
71;S1460;22.404.238
71;S89;22.404.239
71;S479;22.404.240
71;S3477;22.404.241
71;S3291;22.404.243
71;S2472;22.404.246
71;S2349;22.404.247
71;S758;22.404.248
71;S1440;22.404.249
71;S1499;22.404.250
71;S1384;22.404.251
71;S1292;22.404.252
71;S1177;22.404.254
71;S872;22.404.255
71;S2047;22.404.257
71;S3951;22.404.258
71;S971;22.404.259
71;S2664;22.404.260
71;S2210;22.404.261
71;S2755;22.404.262
71;S2464;22.404.263
71;S3530;22.404.264
71;S2927;22.404.265
71;S150;22.404.276
71;S2472;22.404.277
71;S1994;22.404.278
71;S46;22.404.282
71;S3027;22.404.283
71;S3027;22.404.284
71;S2046;22.404.285
71;S2333;22.404.286
71;S2464;22.404.287
71;S758;22.404.288
71;S2472;22.404.289
71;S2472;22.404.291
71;S960;22.404.293
71;S2927;22.404.294
71;S1292;22.404.295
71;S2725;22.404.297
71;S1994;22.404.298
71;S2046;22.404.299
71;S3756;22.404.300
71;S3027;22.404.301
71;S3027;22.404.302
71;S3027;22.404.303
71;S3027;22.404.304
71;S3027;22.404.305
71;S3027;22.404.306
71;S3027;22.404.307
71;S3027;22.404.308
71;S3027;22.404.309
71;S59;22.404.310
71;S3027;22.404.311
71;S854;22.404.312
71;S3420;22.404.313
71;S71;22.404.314
71;S1852;22.404.315
71;S199;22.404.316
71;S1384;22.404.317
71;S1748;22.404.318
71;S474;22.404.319
71;S2664;22.404.320
71;S3049;22.404.321
71;S1390;22.404.322
71;S2303;22.404.323
71;S1108;22.404.324
71;S3027;22.404.325
71;S3530;22.404.327
71;S1108;22.404.328
71;S2343;22.404.329
71;S1108;22.404.330
71;S1108;22.404.332
71;S1108;22.404.333
71;S1108;22.404.334
71;S3027;22.404.337
71;S3027;22.404.341
71;S3027;22.404.342
71;S84;22.404.343
71;S2755;22.404.344
71;S3026;22.404.351
71;S3026;22.404.354
71;S3194;22.404.355
71;S638;22.404.358
71;S2187;22.404.359
71;S2270;22.404.360
71;S2343;22.404.365
71;S2755;22.404.366
71;S3851;22.404.370
71;S3027;22.404.371
71;S3027;22.404.372
71;S3027;22.404.373
71;S3027;22.404.374
71;S3027;22.404.375
71;S3027;22.404.376
71;S3027;22.404.377
71;S3027;22.404.378
71;S3027;22.404.379
71;S3027;22.404.380
71;S3027;22.404.381
71;S175;22.404.385
71;S2187;22.404.386
71;S59;22.404.387
71;S2616;22.404.389
71;S2282;22.404.390
71;S608;22.404.391
71;S3698;22.404.392
71;S24;22.404.393
71;S140;22.404.394
71;S199;22.404.395
71;S2967;22.404.396
71;S2464;22.404.397
71;S2472;22.404.401
71;S1384;22.404.402
71;S2725;22.404.403
71;S758;22.404.404
71;S2046;22.404.405
71;S1499;22.404.406
71;S1994;22.404.407
71;S1460;22.404.411
71;S2616;22.404.412
71;S764;22.404.413
71;S2047;22.404.414
71;S3194;22.404.415
71;S2664;22.404.416
71;S2121;22.404.425
71;S2046;22.404.426
71;S46;22.404.428
71;S1109;22.404.429
71;S3291;22.404.430
71;S1499;22.404.431
71;S1994;22.404.432
71;S2046;22.404.433
71;S315;22.404.434
71;S678;22.404.435
71;S2210;22.404.438
71;S2046;22.404.439
71;S3027;22.404.446
71;S140;22.404.447
71;S1460;22.404.448
71;S640;22.404.449
71;S3477;22.404.450
71;S3705;22.404.453
71;S2121;22.404.457
71;S59;22.404.458
71;S2187;22.404.459
71;S1667;22.404.460
71;S479;22.404.461
71;S140;22.404.462
71;S596;22.404.463
71;S1748;22.404.464
71;S2047;22.404.465
71;S474;22.404.466
71;S1384;22.404.467
71;S4122;22.404.475
71;S3027;22.404.476
71;S3027;22.404.478
71;S3027;22.404.479
71;S3027;22.404.480
71;S3027;22.404.481
71;S3027;22.404.482
71;S3027;22.404.483
71;S3027;22.404.484
71;S3027;22.404.485
71;S3027;22.404.486
71;S3027;22.404.487
71;S3027;22.404.488
71;S3027;22.404.489
71;S3027;22.404.490
71;S3027;22.404.491
71;S3027;22.404.492
71;S3027;22.404.493
71;S3027;22.404.494
71;S1196;22.404.495
71;S3027;22.404.496
71;S2046;22.404.499
71;S2343;22.404.502
71;S596;22.404.503
71;S960;22.404.509
71;S479;22.404.510
71;S1384;22.404.511
71;S2464;22.404.512
71;S59;22.404.513
71;S175;22.404.514
71;S2270;22.404.515
71;S1695;22.404.516
71;S1949;22.404.517
71;S854;22.404.518
71;S786;22.404.519
71;S3249;22.404.520
71;S2202;22.404.521
71;S3221;22.404.522
71;S175;22.404.523
71;S166;22.404.525
71;S1292;22.404.526
71;S2927;22.404.527
71;S46;22.404.528
71;S3291;22.404.529
71;S59;22.404.531
71;S2047;22.404.532
71;S1820;22.404.533
71;S89;22.404.534
71;S1652;22.404.535
71;S706;22.404.536
71;S2046;22.404.537
71;S2778;22.404.539
71;S1499;22.404.540
71;S66;22.404.543
71;S89;22.404.544
71;S2472;22.404.545
71;S2927;22.404.546
71;S315;22.404.547
71;S1196;22.404.548
71;S2046;22.404.549
71;S1499;22.404.550
71;S758;22.404.551
71;S602;22.404.552
71;S2786;22.404.554
71;S3442;22.404.555
71;S602;22.404.556
71;S1499;22.404.557
71;S1440;22.404.558
71;S315;22.404.559
71;S1196;22.404.560
71;S2681;22.404.562
71;S3027;22.404.566
71;S3027;22.404.567
71;S3027;22.404.568
71;S3027;22.404.569
71;S3027;22.404.570
71;S3027;22.404.571
71;S3027;22.404.572
71;S3027;22.404.573
71;S3027;22.404.574
71;S3027;22.404.575
71;S3027;22.404.576
71;S3027;22.404.577
71;S1108;22.404.578
71;S2388;22.404.580
71;S3027;22.404.582
71;S3567;22.404.584
71;S2210;22.404.585
71;S3027;22.404.586
71;S3027;22.404.587
71;S3027;22.404.588
71;S3027;22.404.589
71;S3027;22.404.590
71;S3027;22.404.591
71;S2472;22.404.592
71;S315;22.404.593
71;S2927;22.404.594
71;S3442;22.404.595
71;S3291;22.404.596
71;S1624;22.404.597
71;S596;22.404.598
71;S3291;22.404.599
71;S1994;22.404.600
71;S3291;22.404.601
71;S3291;22.404.602
71;S2927;22.404.603
71;S2472;22.404.604
71;S1292;22.404.605
71;S199;22.404.608
71;S3027;22.404.613
71;S3027;22.404.615
71;S3027;22.404.616
71;S2755;22.404.617
71;S2755;22.404.618
71;S2464;22.404.619
71;S3951;22.404.620
71;S3951;22.404.621
71;S3027;22.404.624
71;S3027;22.404.625
71;S3027;22.404.626
71;S3027;22.404.627
71;S2920;22.404.628
71;S678;22.404.629
71;S2046;22.404.630
71;S1499;22.404.631
71;S3291;22.404.632
71;S282;22.404.633
71;S758;22.404.634
71;S2725;22.404.635
71;S1196;22.404.637
71;S1499;22.404.638
71;S1499;22.404.639
71;S1292;22.404.640
71;S2046;22.404.641
71;S3243;22.404.646
71;S2046;22.404.647
71;S758;22.404.648
71;S1499;22.404.649
71;S1994;22.404.650
71;S3493;22.404.651
71;S1196;22.404.652
71;S3027;22.404.654
71;S3027;22.404.655
71;S3027;22.404.656
71;S1499;22.404.657
71;S2046;22.404.658
71;S758;22.404.659
71;S3027;22.404.660
71;S3291;22.404.661
71;S1499;22.404.662
71;S2375;22.404.664
71;S2046;22.404.665
71;S3027;22.404.666
71;S3027;22.404.667
71;S3027;22.404.668
71;S3027;22.404.669
71;S3027;22.404.670
71;S3027;22.404.671
71;S2755;22.404.672
71;S3027;22.404.676
71;S3027;22.404.677
71;S3027;22.404.678
71;S2343;22.404.679
71;S3027;22.404.680
71;S1499;22.404.682
71;S1499;22.404.684
71;S2046;22.404.685
