PLANT;SELL_ORD;PN;SELL_ITEM;SELL_QTY;SELL_DELIV_DATE
71;222.322;A007716;222322/1;40.000;26/04/24
71;222.597;A007456;222597/1;50.400;01/03/24
71;222.602;A007456;222602/2;50.400;30/05/24
71;230.705;A005915;230705/1;30.000;01/08/24
71;230.705;A005914;230705/2;42.000;01/08/24
71;230.862;A007852;230862/1;13.333;05/07/24
71;230.938;A007239;230938/3;120.000;04/10/24
71;230.971;A007598;230971/1;22.500;15/04/24
71;230.983;A006525;230983/2;10.000;10/09/24
71;230.984;A007707;230984/2;20.000;10/09/24
71;231.090;A006280;231090/3;33.150;29/07/24
71;231.090;A006280;231090/2;33.150;30/06/24
71;231.331;A006664;231331/7;20.000;02/08/24
71;231.331;A006664;231331/6;40.000;29/05/24
71;231.401;A007575;231401/2;190.000;07/06/24
71;231.403;A007488;231403/3;26.000;09/08/24
71;231.403;A007488;231403/2;26.000;05/07/24
71;231.403;A007488;231403/1;26.000;07/06/24
71;231.434;A007490;231434/1;12.000;23/02/24
71;231.580;A006344;231580/1;13.000;02/02/24
71;231.588;A006732;231588/2;30.000;31/05/24
71;231.595;A007963;231595/1;10.000;17/06/24
71;231.622;A007879;231622/1;35.000;31/01/24
71;231.638;A006676;231638/1;45.000;01/07/24
71;231.639;A006676;231639/1;45.000;01/10/24
71;231.662;A005832;231662/1;13.000;03/06/24
71;231.717;A007275;231717/1;18.900;15/07/24
71;231.718;A007275;231718/1;18.900;15/10/24
71;231.719;A007275;231719/1;18.900;16/12/24
71;231.736;A007918;231736/3;47.600;12/06/24
71;231.736;A007918;231736/1;85.200;12/06/24
71;231.736;A007968;231736/2;30.000;12/06/24
71;231.786;D008852;231786/1;10.000;31/10/23
71;231.790;A007812;231790/4;12.500;04/07/24
71;231.794;A006205;231794/1;54.000;24/06/24
71;231.802;A004836;231802/1;60.000;14/06/24
71;231.806;A004833;231806/1;10.000;05/08/24
71;231.810;A005116;231810/1;50.000;10/05/24
71;231.898;A008040;231898/4;40.600;20/10/24
71;231.898;A008018;231898/2;75.000;27/05/24
71;231.898;A008018;231898/3;94.200;20/10/24
71;231.898;A008018;231898/1;75.000;20/05/24
71;231.899;A008034;231899/1;25.000;24/05/24
71;231.899;A008035;231899/3;30.000;20/07/24
71;231.899;A008034;231899/2;23.000;20/07/24
71;231.900;A008032;231900/1;30.000;07/06/24
71;231.900;A008032;231900/9;30.000;20/11/24
71;231.900;A008033;231900/8;45.000;20/07/24
71;231.900;A008032;231900/6;27.000;20/07/24
71;231.901;A008037;231901/3;30.000;20/09/24
71;231.901;A008036;231901/2;40.000;21/06/24
71;231.901;A008036;231901/1;20.000;31/05/24
71;231.901;A008036;231901/4;58.000;20/09/24
71;231.905;A007314;231905/2;49.998;15/04/24
71;231.907;A005915;231907/1;60.000;09/12/24
71;231.908;A006521;231908/1;14.000;16/09/24
71;231.916;A003435;231916/2;20.000;22/03/24
71;231.936;A004264;231936/1;20.400;02/05/24
71;231.939;A007099;231939/1;15.000;15/09/24
71;231.943;A007875;231943/1;15.000;30/05/24
71;231.943;A007874;231943/2;21.428;30/05/24
71;231.951;A008006;231951/1;50.000;03/06/24
71;231.952;A008006;231952/1;50.000;10/06/24
71;231.953;A008006;231953/1;50.000;17/06/24
71;231.955;A005155;231955/1;50.790;17/06/24
71;231.970;A006974;231970/1;75.000;28/05/24
71;231.978;A003385;231978/1;16.750;04/06/24
71;231.980;A004884;231980/1;20.000;01/06/24
71;231.981;A004884;231981/1;10.000;01/12/24
71;231.982;A008049;231982/3;6.300;12/04/24
71;231.984;A008053;231984/4;90.000;31/07/24
71;231.984;A008053;231984/2;90.000;31/05/24
71;231.984;A008053;231984/3;90.000;28/06/24
71;231.986;A006411;231986/2;13.000;05/03/24
71;232.004;A008058;232004/3;1.500;29/02/24
71;232.004;A008059;232004/5;1.500;12/04/24
71;232.006;A007768;232006/2;20.000;27/05/24
71;232.012;A005021;232012/1;50.000;07/06/24
71;232.013;A007222;232013/1;40.000;31/05/24
71;232.019;A003796;232019/1;16.750;17/07/24
71;232.023;A005648;232023/2;13.000;10/05/24
71;232.029;A004872;232029/1;12.500;02/08/24
71;232.029;A007263;232029/2;12.500;02/08/24
71;232.032;A008063;232032/1;6.000;28/02/24
71;232.039;A007667;232039/5;18.667;20/09/24
71;232.039;A007854;232039/6;20.000;20/09/24
71;232.041;A008064;232041/1;126.665;07/06/24
71;232.046;A007471;232046/1;40.000;17/05/24
71;232.047;A005565;232047/1;14.000;27/05/24
71;232.060;A007492;232060/1;30.000;25/06/24
71;232.060;A007636;232060/2;20.000;25/06/24
71;232.075;A006685;232075/1;17.208;17/05/24
71;232.076;A005232;232076/3;357.000;07/06/24
71;232.079;A008065;232079/1;50.000;19/06/24
71;232.079;A008065;232079/2;10.000;31/07/24
71;232.081;A001282;232081/1;7.500;03/06/24
71;232.085;A003585;232085/2;10.158;15/07/24
71;232.088;A007302;232088/1;50.400;15/05/24
71;232.089;A007302;232089/1;50.400;15/06/24
71;232.097;A007786;232097/3;33.333;17/05/24
71;240.004;A006300;240004/7;120.000;14/06/24
71;240.004;A007084;240004/4;10.000;21/05/24
71;240.004;A007100;240004/6;60.000;07/06/24
71;240.009;A007786;240009/3;86.666;15/06/24
71;240.010;A003382;240010/1;9.350;03/06/24
71;240.011;A007408;240011/1;10.000;02/07/24
71;240.012;A007412;240012/2;10.000;02/07/24
71;240.013;A007192;240013/1;20.000;31/05/24
71;240.015;A006692;240015/1;20.000;01/06/24
71;240.020;A007996;240020/6;1.250;17/05/24
71;240.020;A007994;240020/4;1.300;17/05/24
71;240.020;A007995;240020/5;1.250;17/05/24
71;240.026;A005381;240026/2;13.333;04/09/24
71;240.026;A005381;240026/1;13.333;05/08/24
71;240.030;A007863;240030/1;20.000;28/06/24
71;240.031;A006719;240031/1;25.000;31/05/24
71;240.034;A003602;240034/1;66.000;01/07/24
71;240.038;A007513;240038/1;22.500;03/06/24
71;240.039;A004573;240039/2;54.000;03/06/24
71;240.040;A006511;240040/1;11.100;14/06/24
71;240.043;A007561;240043/2;20.000;03/07/24
71;240.045;A006038;240045/1;10.000;04/10/24
71;240.046;A005294;240046/1;11.700;04/10/24
71;240.048;A005668;240048/1;31.170;14/06/24
71;240.049;A004261;240049/1;18.750;27/09/24
71;240.050;A008071;240050/2;2.000;29/04/24
71;240.051;A008051;240051/1;64.800;24/06/24
71;240.052;A008051;240052/1;32.400;02/09/24
71;240.057;A007497;240057/1;33.000;15/06/24
71;240.058;A007497;240058/1;33.000;22/06/24
71;240.059;A007497;240059/1;33.000;29/06/24
71;240.061;A006414;240061/1;25.000;12/04/24
71;240.063;A007147;240063/1;10.000;05/06/24
71;240.064;A007146;240064/1;5.000;05/06/24
71;240.069;A007348;240069/1;37.800;24/05/24
71;240.072;A007786;240072/2;76.666;16/06/24
71;240.073;A007923;240073/1;10.000;17/05/24
71;240.074;A007923;240074/1;10.000;16/06/24
71;240.075;A007410;240075/1;10.000;22/05/24
71;240.076;A007421;240076/1;40.000;21/06/24
71;240.079;A004333;240079/1;50.790;31/05/24
71;240.091;A005419;240091/1;27.780;14/06/24
71;240.092;A004334;240092/1;25.900;07/06/24
71;240.093;A006013;240093/1;13.500;05/07/24
71;240.101;A007950;240101/1;18.000;24/05/24
71;240.105;A006739;240105/7;30.000;24/05/24
71;240.105;A006742;240105/8;30.000;24/05/24
71;240.108;D010876;240108/1;5.000;12/04/24
71;240.108;D010878;240108/2;5.000;12/04/24
71;240.112;A006120;240112/1;10.000;01/07/24
71;240.115;A002108;240115/1;46.000;28/06/24
71;240.115;A004130;240115/2;30.000;28/06/24
71;240.116;A008074;240116/3;9.250;31/05/24
71;240.116;A008093;240116/2;15.000;10/06/24
71;240.116;A008094;240116/4;15.000;31/05/24
71;240.116;A008073;240116/1;9.250;10/06/24
71;240.117;A007674;240117/1;20.000;29/05/24
71;240.118;A004894;240118/1;7.000;10/06/24
71;240.119;A005564;240119/1;27.200;10/06/24
71;240.120;A007456;240120/1;50.400;08/03/24
71;240.124;A007839;240124/4;10.000;31/07/24
71;240.124;A007839;240124/1;20.000;31/05/24
71;240.124;A007839;240124/2;10.000;19/06/24
71;240.124;A007839;240124/3;20.000;26/06/24
71;240.125;A007427;240125/1;26.666;28/05/24
71;240.131;A007648;240131/4;5.000;30/06/24
71;240.131;A007585;240131/3;5.000;30/06/24
71;240.131;A007643;240131/2;5.000;30/06/24
71;240.133;A001490;240133/1;10.000;21/06/24
71;240.134;A004369;240134/1;16.500;22/05/24
71;240.136;A006501;240136/1;17.270;07/06/24
71;240.137;A006498;240137/1;8.465;07/06/24
71;240.140;A005493;240140/1;160.000;03/06/24
71;240.141;A006425;240141/1;10.000;29/07/24
71;240.142;A006290;240142/1;20.000;03/06/24
71;240.143;A007965;240143/2;8.000;24/05/24
71;240.143;A007263;240143/1;9.500;24/05/24
71;240.143;A004872;240143/3;7.500;24/05/24
71;240.144;A004872;240144/1;25.000;15/09/24
71;240.145;A007691;240145/1;28.666;27/05/24
71;240.150;A005516;240150/2;25.000;30/06/24
71;240.151;A007623;240151/2;126.666;31/05/24
71;240.151;A007623;240151/3;189.999;14/06/24
71;240.154;A007497;240154/1;28.000;06/05/24
71;240.155;A007240;240155/3;30.600;22/07/24
71;240.156;A008092;240156/1;13.000;07/06/24
71;240.158;A007719;240158/1;26.142;27/05/24
71;240.159;A007302;240159/1;18.900;15/05/24
71;240.160;A006173;240160/1;24.000;17/05/24
71;240.161;A007845;240161/2;30.000;28/06/24
71;240.162;A006722;240162/2;20.000;31/07/24
71;240.165;A007842;240165/1;12.500;08/07/24
71;240.165;A006249;240165/2;12.500;08/07/24
71;240.169;A007927;240169/3;23.750;17/05/24
71;240.170;A007565;240170/2;21.600;05/06/24
71;240.170;A007566;240170/1;32.400;05/06/24
71;240.173;A006979;240173/1;20.000;25/06/24
71;240.174;A006977;240174/1;18.750;25/06/24
71;240.175;A004344;240175/1;20.000;05/07/24
71;240.181;A006870;240181/1;30.000;01/08/24
71;240.182;A008103;240182/2;20.000;28/06/24
71;240.184;A003121;240184/2;5.000;27/05/24
71;240.185;A007259;240185/1;13.071;27/05/24
71;240.187;A007428;240187/1;26.666;29/05/24
71;240.188;A007260;240188/1;26.142;03/06/24
71;240.189;A006950;240189/1;6.666;15/07/24
71;240.190;A008006;240190/1;50.000;08/07/24
71;240.196;A008047;240196/1;35.000;02/07/24
71;240.196;A007060;240196/2;15.000;02/07/24
71;240.197;A006827;240197/1;14.000;31/05/24
71;240.199;A007061;240199/1;10.000;28/06/24
71;240.200;A001882;240200/1;10.000;30/06/24
71;240.200;A000553;240200/3;10.000;30/06/24
71;240.201;A006476;240201/1;20.000;24/05/24
71;240.202;A005674;240202/1;32.400;31/05/24
71;240.203;A004645;240203/1;15.000;17/06/24
71;240.208;A007801;240208/1;19.000;21/06/24
71;240.209;A003921;240209/1;29.000;31/05/24
71;240.209;A003923;240209/3;7.000;31/05/24
71;240.209;A003922;240209/2;4.000;31/05/24
71;240.210;A005292;240210/1;25.000;30/07/24
71;240.213;A006575;240213/3;13.333;30/05/24
71;240.213;A005702;240213/1;6.300;30/05/24
71;240.214;A007559;240214/1;30.500;13/05/24
71;240.216;A006657;240216/1;30.000;27/05/24
71;240.218;A006379;240218/1;60.000;06/08/24
71;240.222;A003101;240222/1;60.000;10/06/24
71;240.229;A008005;240229/1;358;24/04/24
71;240.233;A008107;240233/1;11.700;27/08/24
71;240.234;A006762;240234/1;20.000;24/06/24
71;240.236;A005086;240236/4;17.000;07/06/24
71;240.236;A000823;240236/1;17.000;07/06/24
71;240.236;A005087;240236/3;34.000;07/06/24
71;240.237;A006291;240237/1;13.000;28/06/24
71;240.238;A004828;240238/1;40.667;14/06/24
71;240.238;A004822;240238/2;20.000;14/06/24
71;240.239;A006877;240239/2;60.000;05/08/24
71;240.239;A007610;240239/3;20.000;05/08/24
71;240.239;A007104;240239/1;37.140;05/08/24
71;240.240;A003218;240240/2;48.000;10/06/24
71;240.240;A003220;240240/1;26.000;10/06/24
71;240.241;A006431;240241/1;20.000;31/07/24
71;240.244;A007488;240244/1;78.000;06/09/24
71;240.246;A006502;240246/1;20.000;28/06/24
71;240.247;A006843;240247/1;40.320;17/05/24
71;240.248;A006707;240248/1;37.500;29/04/24
71;240.250;A004998;240250/1;40.000;03/06/24
71;240.252;A006193;240252/1;20.000;05/06/24
71;240.252;A006193;240252/2;20.000;05/11/24
71;240.253;A007786;240253/2;43.333;17/07/24
71;240.253;A007786;240253/3;43.333;30/07/24
71;240.253;A007786;240253/1;43.333;17/07/24
71;240.254;A007786;240254/1;43.333;30/07/24
71;240.258;A008076;240258/1;70.000;28/06/24
71;240.260;A007004;240260/1;24.666;07/06/24
71;240.262;A007355;240262/1;13.000;10/06/24
71;240.262;A007355;240262/2;13.000;06/09/24
71;240.265;A006174;240265/1;86.400;03/06/24
71;240.266;A006212;240266/1;4.500;31/05/24
71;240.268;A004634;240268/1;13.000;05/07/24
71;240.270;A007700;240270/1;150.000;15/07/24
71;240.275;A006049;240275/1;10.000;02/08/24
71;240.276;A005110;240276/1;72.000;28/06/24
71;240.277;A005647;240277/1;3.500;15/06/24
71;240.279;A006170;240279/1;10.000;03/11/24
71;240.280;A007471;240280/1;40.000;06/09/24
71;240.281;A008065;240281/1;60.000;28/06/24
71;240.282;A003267;240282/1;20.000;14/06/24
71;240.283;A007517;240283/1;11.600;20/05/24
71;240.283;A007519;240283/2;10.000;20/05/24
71;240.284;A005030;240284/2;10.000;24/06/24
71;240.284;A005109;240284/3;20.000;24/06/24
71;240.287;A003833;240287/2;10.000;15/07/24
71;240.287;A004366;240287/1;9.333;15/07/24
71;240.289;A007036;240289/1;120.000;15/07/24
71;240.290;A007605;240290/1;60.000;30/06/24
71;240.290;A007607;240290/2;20.000;30/06/24
71;240.296;A007260;240296/1;26.142;21/06/24
71;240.299;A006906;240299/1;200.000;24/06/24
71;240.301;A007274;240301/1;100.000;21/06/24
71;240.302;A007274;240302/1;100.000;19/07/24
71;240.303;A007274;240303/1;100.000;09/08/24
71;240.304;A007274;240304/1;100.000;24/09/24
71;240.305;A007274;240305/1;100.000;30/09/24
71;240.306;A007274;240306/1;100.000;28/11/24
71;240.307;A006362;240307/1;10.000;15/05/24
71;240.308;A008064;240308/1;126.665;10/09/24
71;240.309;A008127;240309/1;11.000;03/06/24
71;240.311;A008128;240311/2;12.500;04/07/24
71;240.312;A008123;240312/1;10.000;31/05/24
71;240.314;A008126;240314/1;5.000;31/08/24
71;240.315;A008168;240315/3;20.000;05/06/24
71;240.315;A008118;240315/4;11.332;05/06/24
71;240.316;A008125;240316/1;7.500;26/08/24
71;240.317;A007474;240317/3;10.000;26/06/24
71;240.317;A006547;240317/1;10.714;17/06/24
71;240.317;A006546;240317/2;10.000;05/08/24
71;240.319;A008134;240319/4;9.000;26/08/24
71;240.319;A008133;240319/3;7.500;26/08/24
71;240.322;A006593;240322/1;20.000;29/05/24
71;240.323;A006594;240323/1;60.000;31/05/24
71;240.324;A006592;240324/1;20.000;31/05/24
71;240.325;A006673;240325/1;40.000;26/07/24
71;240.326;A004920;240326/1;30.480;30/09/24
71;240.327;A005625;240327/1;32.160;30/09/24
71;240.328;A006112;240328/1;7.500;02/10/24
71;240.329;A006898;240329/1;40.000;05/07/24
71;240.330;A000968;240330/2;10.000;05/09/24
71;240.331;A002799;240331/2;10.000;23/09/24
71;240.332;A003545;240332/2;10.000;05/07/24
71;240.333;A007124;240333/1;76.666;17/06/24
71;240.339;A006554;240339/1;17.000;01/10/24
71;240.339;A006555;240339/2;20.000;01/10/24
71;240.339;A006930;240339/3;1.000;01/10/24
71;240.341;A007381;240341/1;10.500;08/08/24
71;240.342;A007396;240342/1;10.500;20/07/24
71;240.343;A005918;240343/2;28.000;21/06/24
71;240.344;A005912;240344/1;14.000;11/07/24
71;240.345;A008138;240345/2;21.000;21/06/24
71;240.346;A007257;240346/1;20.000;28/06/24
71;240.348;A007816;240348/2;27.000;24/05/24
71;240.348;A006865;240348/1;30.000;24/05/24
71;240.349;A007564;240349/1;10.000;17/06/24
71;240.353;A006204;240353/1;32.400;16/09/24
71;240.354;A003964;240354/1;20.000;30/05/24
71;240.355;A004031;240355/3;25.000;24/05/24
71;240.356;A004029;240356/2;40.800;30/05/24
71;240.356;A004028;240356/1;102.000;24/05/24
71;240.357;A007739;240357/1;20.000;15/07/24
71;240.359;A006295;240359/1;19.048;26/08/24
71;240.361;A007559;240361/1;30.000;21/06/24
71;240.362;A007786;240362/4;43.333;20/08/24
71;240.362;A007786;240362/3;43.333;20/08/24
71;240.363;A007786;240363/3;43.333;20/08/24
71;240.363;A007786;240363/4;43.333;20/08/24
71;240.365;A002103;240365/1;18.800;23/07/24
71;240.365;A002623;240365/2;6.000;23/07/24
71;240.366;A003781;240366/1;5.000;05/07/24
71;240.367;A004358;240367/1;75.000;26/07/24
71;240.368;A008135;240368/1;35.000;25/07/24
71;240.369;A007078;240369/1;20.000;29/07/24
71;240.370;A006974;240370/1;18.750;16/07/24
71;240.374;A007345;240374/1;10.000;05/07/24
71;240.378;A005917;240378/1;54.000;29/06/24
71;240.381;A007456;240381/1;50.400;10/06/24
71;240.382;A007456;240382/2;50.400;19/07/24
71;240.383;A006412;240383/2;24.000;10/08/24
71;240.384;A007158;240384/1;10.000;02/09/24
71;240.385;A006588;240385/2;9.500;10/06/24
71;240.386;A007282;240386/1;10.000;20/06/24
71;240.389;A008147;240389/2;20.000;30/07/24
71;240.389;A008146;240389/1;20.000;30/07/24
71;240.390;A002182;240390/1;25.333;24/06/24
71;240.390;A002183;240390/2;50.000;24/06/24
71;240.392;A001883;240392/1;7.500;03/07/24
71;240.392;A001882;240392/2;17.000;03/07/24
71;240.393;A007674;240393/1;40.000;19/07/24
71;240.394;A005021;240394/1;50.000;19/07/24
71;240.397;A005465;240397/2;5.000;17/06/24
71;240.398;A006665;240398/1;40.000;11/09/24
71;240.400;A005285;240400/2;10.200;30/07/24
71;240.400;A005248;240400/1;12.430;30/07/24
71;240.402;A004260;240402/2;21.600;17/06/24
71;240.402;A004259;240402/1;21.600;17/06/24
71;240.403;A005648;240403/1;12.000;24/07/24
71;240.403;A005649;240403/2;10.000;24/07/24
71;240.405;A007873;240405/3;54.000;03/07/24
71;240.406;A007176;240406/1;21.333;19/07/24
71;240.406;A007177;240406/2;10.000;19/07/24
71;240.408;A004820;240408/2;16.500;19/07/24
71;240.409;A003920;240409/3;54.444;06/05/24
71;240.409;A006493;240409/4;50.000;06/05/24
71;240.410;A005717;240410/2;20.000;25/10/24
71;240.411;A008145;240411/1;20.000;01/07/24
71;240.413;A004712;240413/1;16.665;16/06/24
71;240.414;A006096;240414/1;22.400;09/10/24
71;240.415;A006336;240415/1;5.357;16/09/24
71;240.416;A005984;240416/1;20.000;24/07/24
71;240.417;A005279;240417/1;60.000;25/07/24
71;240.418;A008101;240418/1;20.000;09/08/24
71;240.421;A006825;240421/1;10.000;04/07/24
71;240.422;A007668;240422/1;18.000;21/06/24
71;240.424;A001585;240424/1;33.500;21/06/24
71;240.425;A006659;240425/2;13.000;04/07/24
71;240.425;A006660;240425/1;12.000;04/07/24
71;240.426;A006039;240426/1;18.750;08/07/24
71;240.427;A008045;240427/1;40.000;26/07/24
71;240.428;A006414;240428/1;25.000;30/05/24
71;240.429;A004802;240429/1;10.000;12/07/24
71;240.430;A007497;240430/1;28.050;12/07/24
71;240.431;A006414;240431/1;25.000;30/05/24
71;240.432;A008068;240432/1;50.000;24/06/24
71;240.433;A008104;240433/1;17.778;05/06/24
71;240.433;A008106;240433/2;13.000;05/06/24
71;240.434;A008044;240434/1;13.000;17/06/24
71;240.435;A007982;240435/1;100.000;11/07/24
71;240.436;A004028;240436/1;81.600;18/07/24
71;240.436;A004029;240436/3;20.400;18/07/24
71;240.436;A004085;240436/2;10.200;18/07/24
71;240.437;A004027;240437/1;25.000;18/07/24
71;240.439;A006724;240439/1;30.000;06/09/24
71;240.440;A007734;240440/1;10.000;06/09/24
71;240.441;A007624;240441/1;10.000;07/06/24
71;240.442;A006227;240442/1;50.784;13/09/24
71;240.443;A005419;240443/1;27.775;20/09/24
71;240.444;A004334;240444/1;25.900;27/09/24
71;240.445;A007297;240445/1;10.000;05/08/24
71;240.446;A004028;240446/1;81.600;18/06/24
71;240.447;A004032;240447/1;25.000;28/06/24
71;240.448;A005160;240448/1;28.572;22/07/24
71;240.450;A008120;240450/1;20.400;18/07/24
71;240.451;A007259;240451/1;13.071;03/07/24
71;240.452;A005617;240452/1;50.000;15/07/24
71;240.453;A005619;240453/1;45.000;15/07/24
71;240.454;A006909;240454/1;25.000;26/07/24
71;240.455;A007427;240455/1;26.666;26/07/24
71;240.456;A001507;240456/1;19.000;01/07/24
71;240.457;A006224;240457/1;6.000;05/07/24
71;240.461;A007830;240461/2;80.000;19/07/24
71;240.461;A007830;240461/1;80.000;28/06/24
71;240.462;A007839;240462/1;60.000;14/07/24
71;240.463;A007863;240463/1;20.000;22/07/24
71;240.464;A006971;240464/1;20.000;19/07/24
71;240.467;A006347;240467/5;12.667;27/06/24
71;240.467;A006348;240467/6;30.000;27/06/24
71;240.469;A005149;240469/1;160.000;26/07/24
71;240.470;A005149;240470/1;120.000;09/08/24
71;240.471;A008155;240471/3;40.000;30/11/24
71;240.471;A008156;240471/2;30.000;31/05/24
71;240.471;A008155;240471/1;38.000;31/05/24
71;240.472;A008108;240472/1;30.000;05/07/24
71;240.473;A007597;240473/1;15.000;19/07/24
71;240.475;A002893;240475/3;17.000;15/06/24
71;240.475;A002892;240475/1;1.999;15/06/24
71;240.476;A003926;240476/3;5.000;15/07/24
71;240.476;A003925;240476/2;10.000;15/07/24
71;240.476;A003924;240476/1;15.000;15/07/24
71;240.477;A006512;240477/1;6.666;30/07/24
71;240.478;A007849;240478/1;20.000;26/07/24
71;240.479;A007327;240479/1;20.000;26/07/24
71;240.480;A007640;240480/1;20.000;26/07/24
71;240.481;A007326;240481/1;30.000;02/08/24
71;240.482;A007614;240482/1;55.000;02/08/24
71;240.483;A007504;240483/1;23.000;09/08/24
71;240.484;A005674;240484/1;25.920;02/09/24
71;240.484;A005674;240484/2;6.480;20/09/24
71;240.485;A006862;240485/1;10.000;30/07/24
71;240.486;A004485;240486/1;42.000;06/09/24
71;240.487;A004381;240487/1;20.000;20/06/24
71;240.488;A004909;240488/1;20.000;15/07/24
71;240.491;A008119;240491/1;90.000;31/07/24
71;240.491;A008119;240491/2;60.000;19/08/24
71;240.493;A007482;240493/1;14.000;10/07/24
71;240.496;A006290;240496/1;30.000;05/08/24
71;240.497;A006616;240497/1;8.570;25/06/24
71;240.497;A006617;240497/2;20.000;25/06/24
71;240.498;A006536;240498/1;10.500;08/07/24
71;240.499;A006501;240499/1;8.634;13/09/24
71;240.501;A004200;240501/1;20.000;09/07/24
71;240.502;A004351;240502/3;217.333;26/07/24
71;240.502;A003066;240502/4;40.000;26/07/24
71;240.503;A006927;240503/1;20.000;20/06/24
71;240.504;A008150;240504/1;30.000;26/07/24
71;240.504;A008153;240504/2;15.000;26/07/24
71;240.505;A007529;240505/1;11.667;03/09/24
71;240.505;A007744;240505/2;10.000;03/09/24
71;240.506;A007744;240506/2;10.000;25/10/24
71;240.506;A007529;240506/1;11.667;25/10/24
71;240.507;C005156;240507/6;14;29/03/24
71;240.508;A004206;240508/2;30.000;19/07/24
71;240.508;A004206;240508/1;30.000;17/06/24
71;240.509;A007604;240509/2;37.500;02/09/24
71;240.509;A007513;240509/1;15.000;02/09/24
71;240.510;A008165;240510/4;10.000;26/07/24
71;240.510;A008166;240510/3;10.000;26/07/24
71;240.511;A006568;240511/3;20.000;15/07/24
71;240.512;A007691;240512/1;28.666;21/06/24
71;240.513;A002490;240513/1;20.000;21/07/24
71;240.514;A006050;240514/2;10.000;02/09/24
71;240.514;A005415;240514/1;15.570;02/09/24
71;240.514;A005416;240514/3;20.000;02/09/24
71;240.515;A007974;240515/3;3.000;14/10/24
71;240.515;A000202;240515/1;7.000;14/10/24
71;240.515;A002418;240515/2;10.000;14/10/24
71;240.516;A007284;240516/1;47.500;02/09/24
71;240.516;A007285;240516/2;10.000;02/09/24
71;240.517;A007278;240517/1;22.222;30/05/24
71;240.518;A007926;240518/1;72.000;19/07/24
71;240.521;A006662;240521/1;40.000;01/07/24
71;240.522;A007833;240522/2;45.000;17/05/24
71;240.522;A007832;240522/1;8.820;17/05/24
71;240.523;A005668;240523/1;31.170;05/08/24
71;240.524;A007802;240524/1;10.000;08/07/24
71;240.525;A007517;240525/1;25.200;20/06/24
71;240.526;A007827;240526/1;20.000;03/06/24
71;240.527;A008171;240527/1;34.600;31/10/24
71;240.527;A008171;240527/3;36.000;20/12/24
71;240.527;A008172;240527/2;20.000;31/10/24
71;240.528;A008169;240528/3;55.000;10/12/24
71;240.528;A008170;240528/2;35.000;10/12/24
71;240.528;A008169;240528/1;60.000;30/09/24
71;240.529;A008174;240529/3;45.000;09/08/24
71;240.529;A008173;240529/4;35.000;09/08/24
71;240.531;A006599;240531/1;10.000;05/07/24
71;240.531;A006597;240531/2;26.000;05/07/24
71;240.531;A006123;240531/3;10.000;05/07/24
71;240.531;A006611;240531/4;10.000;05/07/24
71;240.532;A006530;240532/2;10.500;26/07/24
71;240.533;A007405;240533/1;20.000;13/08/24
71;240.535;A007874;240535/2;10.714;06/09/24
71;240.535;A007875;240535/1;30.000;20/09/24
71;240.537;A007987;240537/1;10.000;20/06/24
71;240.538;A003895;240538/1;37.500;10/10/24
71;240.539;A004372;240539/1;50.000;10/10/24
71;240.540;A008177;240540/1;25.000;16/09/24
71;240.540;A008178;240540/2;50.000;16/09/24
71;240.541;A007515;240541/2;20.000;14/06/24
71;240.542;A007115;240542/1;20.000;31/07/24
71;240.543;A006592;240543/1;40.000;05/07/24
71;240.544;A007515;240544/2;20.000;05/09/24
71;240.545;A006594;240545/1;60.000;26/07/24
71;240.546;A006594;240546/1;60.000;05/09/24
71;240.547;A008181;240547/2;1.000;02/09/24
71;240.547;A008179;240547/1;59.000;02/09/24
71;240.548;A004330;240548/1;20.000;15/07/24
71;240.550;A005426;240550/1;7.500;16/09/24
71;240.554;A008122;240554/1;20.400;18/06/24
71;240.558;A001885;240558/2;10.000;18/09/24
71;240.559;A004303;240559/1;8.000;03/09/24
71;240.559;A003517;240559/2;13.200;03/09/24
71;240.560;A001493;240560/2;10.000;10/09/24
71;240.560;A001492;240560/1;19.000;10/09/24
71;240.562;D010480;240562/1;3;26/03/24
71;240.564;A008180;240564/1;20.000;27/06/24
71;240.565;A005493;240565/1;160.000;15/07/24
71;240.567;A007169;240567/1;115.000;19/07/24
71;240.568;A007116;240568/1;20.000;22/08/24
71;240.569;A007269;240569/1;30.000;20/08/24
71;240.570;A006593;240570/1;40.000;08/09/24
71;240.571;A007868;240571/1;20.000;31/07/24
71;240.572;A006591;240572/1;20.000;31/07/24
71;240.573;A006673;240573/1;40.000;23/08/24
71;240.574;A007270;240574/1;56.000;26/07/24
71;240.575;A006920;240575/1;20.000;01/08/24
71;240.576;A007187;240576/1;25.000;17/07/24
71;240.577;A006914;240577/1;10.000;01/08/24
71;240.578;A007413;240578/2;10.000;21/08/24
71;240.581;A007073;240581/2;50.000;19/08/24
71;240.582;A005786;240582/1;20.000;10/07/24
71;240.583;A007017;240583/1;20.000;26/07/24
71;240.584;A007452;240584/1;25.000;25/06/24
71;240.585;A004480;240585/1;15.000;21/06/24
71;240.587;A007410;240587/1;10.000;11/09/24
71;240.590;A004311;240590/1;15.000;15/07/24
71;240.591;A005494;240591/1;27.500;21/06/24
71;240.591;A005494;240591/2;27.500;21/06/24
71;240.592;A006896;240592/1;6.000;24/06/24
71;240.594;A008175;240594/1;37.500;15/07/24
71;240.596;A006752;240596/1;40.000;31/07/24
71;240.597;A004028;240597/1;61.200;05/08/24
71;240.598;A004028;240598/1;102.000;17/09/24
71;240.601;A003723;240601/1;30.000;25/11/24
71;240.602;A006974;240602/1;56.250;17/09/24
71;240.604;A006243;240604/1;25.000;24/05/24
71;240.605;A007923;240605/1;40.733;30/08/24
71;240.606;A007610;240606/2;25.000;23/09/24
71;240.606;A007542;240606/1;15.000;23/09/24
71;240.607;A006881;240607/1;12.000;04/09/24
71;240.608;A004703;240608/1;22.600;26/06/24
71;240.610;A007635;240610/1;32.400;17/09/24
71;240.611;A006649;240611/2;20.000;02/10/24
71;240.611;A006506;240611/3;10.000;02/10/24
71;240.611;A006502;240611/1;20.000;02/10/24
71;240.612;A006255;240612/3;20.000;08/11/24
71;240.612;A006972;240612/1;20.000;08/11/24
71;240.613;A005669;240613/2;13.440;30/08/24
71;240.613;A005668;240613/1;29.820;30/08/24
71;240.614;A007390;240614/1;10.000;28/08/24
71;240.615;A004209;240615/1;75.000;31/07/24
71;240.617;A006066;240617/1;21.600;09/09/24
71;240.618;A006323;240618/3;10.000;09/09/24
71;240.618;A006294;240618/1;11.800;09/09/24
71;240.619;A004645;240619/1;15.000;02/10/24
71;240.620;A007535;240620/1;10.000;06/08/24
71;240.621;A007540;240621/2;20.000;05/09/24
71;240.621;A007287;240621/1;8.667;05/09/24
71;240.622;A005911;240622/1;15.000;05/08/24
71;240.623;A005917;240623/1;45.000;24/07/24
71;240.624;A005918;240624/1;28.000;26/07/24
71;240.625;A002408;240625/2;15.000;25/10/24
71;240.625;A002407;240625/1;34.000;25/10/24
71;240.626;A007823;240626/1;45.000;06/09/24
71;240.627;A004687;240627/1;19.047;26/08/24
71;240.628;A005209;240628/1;35.556;26/08/24
71;240.629;A005563;240629/1;19.428;26/08/24
71;240.630;A005564;240630/1;27.200;26/08/24
71;240.631;A004284;240631/1;10.000;28/06/24
71;240.632;A007192;240632/1;20.000;04/09/24
71;240.634;A007014;240634/2;7.500;20/09/24
71;240.638;A006512;240638/1;6.666;02/09/24
71;240.639;A007196;240639/1;10.000;24/09/24
71;240.640;A003602;240640/1;61.000;01/10/24
71;240.641;A003603;240641/1;50.000;01/10/24
71;240.643;A006480;240643/2;13.000;09/08/24
71;240.644;A004181;240644/2;36.000;01/10/24
71;240.645;A004775;240645/2;60.000;01/10/24
71;240.646;A004070;240646/1;160.000;02/08/24
71;240.647;A005138;240647/1;187.200;18/07/24
71;240.648;A006725;240648/1;25.000;01/08/24
71;240.649;A006697;240649/1;20.000;02/09/24
71;240.650;A005202;240650/1;20.000;06/09/24
71;240.651;A006331;240651/1;10.000;19/08/24
71;240.652;A007495;240652/1;22.000;28/06/24
71;240.653;A006414;240653/1;25.000;23/08/24
71;240.654;A006692;240654/1;20.000;20/09/24
71;240.655;A007972;240655/1;25.000;06/09/24
71;240.656;A007302;240656/1;100.800;01/07/24
71;240.657;A007302;240657/1;63.000;01/09/24
71;240.658;A007302;240658/1;63.000;01/10/24
71;240.659;A007302;240659/1;63.000;01/11/24
71;240.660;A007302;240660/1;100.800;01/12/24
71;240.661;A005478;240661/1;82.416;30/09/24
71;240.662;A006477;240662/1;5.000;08/08/24
71;240.663;A007497;240663/1;28.050;23/08/24
71;240.664;A004802;240664/1;10.000;23/08/24
71;240.665;A006656;240665/1;20.400;10/07/24
71;240.666;C004864;240666/1;1.310;07/06/24
71;240.667;A004150;240667/1;15.000;02/09/24
71;240.668;A007348;240668/1;12.600;23/07/24
71;240.669;A006232;240669/1;27.500;20/07/24
71;240.670;A003072;240670/1;12.000;09/09/24
71;240.671;A005615;240671/1;80.000;26/07/24
71;240.672;A007124;240672/1;50.000;26/07/24
71;240.675;A004972;240675/1;120.000;25/10/24
71;240.676;A004973;240676/1;20.000;25/10/24
71;240.677;A006664;240677/2;20.000;08/01/25
71;240.677;A006664;240677/1;20.000;05/11/24
71;240.678;A007869;240678/1;40.000;20/09/24
71;240.679;A007993;240679/1;20.000;31/07/24
71;240.680;A007700;240680/1;150.000;17/10/24
71;240.681;A006231;240681/1;22.000;05/09/24
71;240.682;A008187;240682/2;30;31/05/24
71;240.682;A008186;240682/1;1.250;31/05/24
71;240.683;A007335;240683/1;20.000;06/09/24
71;240.687;A005030;240687/1;10.000;20/09/24
71;240.688;A006727;240688/1;10.000;26/07/24
71;240.690;A008154;240690/1;6.000;28/06/24
71;240.695;D008851;240695/1;1.810;02/09/24
71;240.699;A008102;240699/1;7.000;15/10/24
71;240.701;A008214;240701/1;20.000;01/08/24
71;240.703;A006099;240703/1;5.000;26/07/24
71;240.704;A005781;240704/1;10.000;26/07/24
71;240.705;A003382;240705/1;9.350;16/09/24
71;240.706;A007812;240706/1;12.500;04/12/24
71;240.707;A007037;240707/1;10.000;26/08/24
71;240.709;A006225;240709/1;25.900;04/10/24
71;240.710;A007563;240710/1;12.960;31/07/24
71;240.711;A007563;240711/1;6.480;31/07/24
71;240.712;A004333;240712/1;50.790;18/10/24
71;240.714;A006498;240714/1;8.465;25/10/24
71;240.715;A006291;240715/1;13.000;08/11/24
71;240.716;A006078;240716/1;20.000;22/11/24
71;240.717;A006539;240717/1;10.000;15/11/24
71;240.718;A007421;240718/1;40.000;15/11/24
71;240.719;A006379;240719/1;60.000;02/10/24
71;240.721;A007455;240721/1;40.000;22/07/24
71;240.724;A008193;240724/1;25.000;31/07/24
71;240.725;A008215;240725/1;11.500;18/07/24
71;240.726;A008216;240726/1;11.500;18/07/24
71;240.727;A008217;240727/1;11.500;18/07/24
71;240.728;A004369;240728/1;6.742;23/04/24
71;240.729;A006756;240729/1;40.000;23/08/24
71;240.730;A006265;240730/1;20.000;15/09/24
71;240.731;A001626;240731/1;20.000;10/09/24
71;240.743;A005917;240743/1;60.000;12/08/24
71;240.744;A005618;240744/1;50.000;26/07/24
71;240.745;A007259;240745/1;13.071;19/08/24
71;240.746;A007859;240746/1;50.000;24/08/24
71;240.747;A004387;240747/1;32.500;19/08/24
71;240.748;A008007;240748/1;40.000;05/09/24
71;240.752;A002067;240752/1;30.000;11/11/24
71;240.753;A007314;240753/1;66.664;19/08/24
71;240.755;A007635;240755/1;32.400;05/01/25
71;240.756;A007446;240756/1;20.000;31/07/24
71;240.757;A007115;240757/1;20.000;31/07/24
71;240.758;A006586;240758/1;20.000;19/07/24
71;240.759;A008222;240759/1;16.666;31/07/24
71;240.760;A008120;240760/1;20.400;27/08/24
71;240.761;A008223;240761/1;10.000;29/07/24
71;240.763;A007559;240763/1;22.000;09/08/24
71;240.767;A000351;240767/1;10.000;01/10/24
71;240.770;A007061;240770/1;10.000;27/09/24
71;240.771;A007016;240771/1;20.000;27/09/24
71;240.772;A006240;240772/1;21.331;25/08/24
71;240.773;A007416;240773/1;20.000;25/08/24
71;240.774;A006302;240774/1;20.000;25/08/24
71;240.775;A006476;240775/1;40.000;25/08/24
71;240.776;A006827;240776/1;14.000;25/08/24
71;240.777;A006622;240777/1;14.000;25/08/24
71;240.778;A007447;240778/1;20.000;25/08/24
71;240.780;A007100;240780/1;60.000;23/09/24
71;240.781;A007286;240781/1;20.000;23/09/24
71;240.782;A007018;240782/1;10.000;23/09/24
71;240.784;A007860;240784/1;20.000;26/08/24
71;240.786;A008221;240786/1;20.000;26/08/24
71;240.787;A007668;240787/1;18.000;02/09/24
71;240.788;A007336;240788/1;19.500;02/09/24
71;240.789;A005021;240789/1;50.000;18/10/24
71;240.790;A007348;240790/1;37.200;02/09/24
71;240.790;A007349;240790/2;12.000;02/09/24
71;240.791;A007674;240791/1;40.000;18/10/24
71;240.792;A007302;240792/1;50.400;26/07/24
71;240.793;A007659;240793/2;10.000;30/08/24
71;240.793;A007658;240793/1;20.000;30/08/24
71;240.795;A005917;240795/1;60.000;07/06/24
71;240.796;A005918;240796/1;28.000;07/06/24
71;240.797;A004028;240797/1;81.600;16/10/24
71;240.797;A004029;240797/2;40.800;16/10/24
71;240.798;A004027;240798/1;25.000;16/10/24
71;240.800;A002927;240800/1;15.000;12/09/24
71;240.801;A007654;240801/1;180.000;18/09/24
71;240.802;A005877;240802/1;20.000;05/08/24
71;240.802;A005875;240802/2;40.000;05/08/24
71;240.803;A007172;240803/1;15.000;23/09/24
71;240.806;A004572;240806/1;18.000;01/10/24
71;240.807;A007880;240807/1;12.000;07/08/24
71;240.808;A006584;240808/1;93.600;07/10/24
71;240.811;A005668;240811/1;31.185;15/11/24
71;240.814;A006971;240814/1;20.000;16/10/24
71;240.815;A008120;240815/1;20.400;16/09/24
71;240.817;A007987;240817/1;10.000;01/09/24
71;240.818;A000594;240818/1;7.000;30/09/24
71;240.819;A007758;240819/1;10.000;26/08/24
71;240.820;A000072;240820/1;7.000;23/09/24
71;240.821;A005160;240821/1;28.572;30/09/24
71;240.822;A005564;240822/1;27.200;10/09/24
71;240.823;A005565;240823/1;13.600;30/08/24
71;240.824;A002049;240824/1;20.000;26/08/24
71;240.825;A007222;240825/1;40.000;15/11/24
71;240.826;D007069;240826/6;149;09/05/24
71;240.827;A008224;240827/1;5.000;09/09/24
71;240.829;A006897;240829/1;20.400;08/09/24
71;240.831;A008020;240831/3;15.000;22/08/24
71;240.831;A008019;240831/4;30.000;22/08/24
71;240.832;A003242;240832/1;46.626;08/11/24
71;240.832;A005063;240832/2;40.800;08/11/24
71;240.833;A007715;240833/1;20.000;04/11/24
71;240.834;A006558;240834/1;20.000;04/09/24
71;240.835;A006865;240835/1;30.000;01/08/24
71;240.839;A006985;240839/1;20.000;14/08/24
71;240.839;A006984;240839/2;20.000;14/08/24
71;240.840;A006892;240840/1;40.000;13/09/24
71;240.840;A006756;240840/2;40.000;13/09/24
71;240.841;A001585;240841/1;33.500;20/09/24
71;240.842;A004507;240842/2;5.000;28/10/24
71;240.844;E001787;240844/1;37,58;13/05/24
71;240.849;A007560;240849/1;10.000;11/11/24
71;240.850;A003846;240850/2;20.000;21/10/24
71;240.850;A005920;240850/1;20.000;21/10/24
71;240.851;A007101;240851/1;8.700;02/09/24
71;240.851;A007102;240851/2;50.000;02/09/24
71;240.852;A004506;240852/1;5.000;28/10/24
71;240.853;A008049;240853/1;9.000;26/08/24
71;240.853;A008050;240853/2;10.000;26/08/24
71;240.854;A007766;240854/1;21.400;26/08/24
71;240.855;A006547;240855/1;10.714;09/08/24
71;240.856;A006546;240856/1;20.000;09/08/24
71;240.857;A007474;240857/1;10.000;09/08/24
71;240.858;A007863;240858/1;20.000;20/09/24
71;240.859;A004386;240859/1;10.833;05/09/24
71;240.860;A006796;240860/2;5.000;30/09/24
71;240.860;A003068;240860/3;23.000;30/09/24
71;240.860;A006795;240860/1;2.000;30/09/24
71;240.861;A006745;240861/1;20.000;01/10/24
71;240.862;A007497;240862/1;33.000;09/09/24
71;240.863;A007497;240863/1;33.000;04/09/24
71;240.864;A007497;240864/1;33.000;29/08/24
71;240.865;A006414;240865/1;25.000;29/08/24
71;240.866;A007497;240866/1;33.000;16/09/24
71;240.867;A005158;240867/1;15.000;12/08/24
71;240.868;A007495;240868/1;22.000;10/09/24
71;240.869;A006408;240869/1;20.400;12/08/24
71;240.870;A004356;240870/1;10.000;02/09/24
71;240.871;A004836;240871/1;60.000;15/12/24
71;240.872;A005499;240872/1;25.000;10/06/24
71;240.874;A008175;240874/1;25.000;05/10/24
71;240.875;A005446;240875/1;11.700;02/10/24
71;240.876;A008202;240876/1;750;31/05/24
71;240.879;A006345;240879/1;20.000;14/10/24
71;240.880;A006306;240880/1;66.665;02/09/24
71;240.884;A006843;240884/1;12.480;25/10/24
71;240.884;A006842;240884/2;1.920;25/10/24
71;240.885;A006843;240885/1;20.160;25/10/24
71;240.885;A006842;240885/2;6.240;25/10/24
71;240.886;D011068;240886/2;18.000;31/05/24
71;240.886;D011067;240886/1;25.750;31/05/24
71;240.887;A006843;240887/1;6.240;25/10/24
71;240.887;A006842;240887/2;5.760;25/10/24
71;240.888;A007130;240888/1;100.000;20/09/24
71;240.890;D012036;240890/1;7.000;22/08/24
71;240.890;D012035;240890/2;7.000;22/08/24
71;240.891;A008143;240891/1;21.430;01/11/24
71;240.892;A008229;240892/1;1.500;28/06/24
71;240.892;A008230;240892/2;1.500;28/06/24
71;240.893;A007786;240893/1;81.466;06/09/24
71;240.894;A007786;240894/1;81.466;04/10/24
71;240.896;A007524;240896/1;10.500;19/08/24
71;240.897;A004894;240897/1;13.333;07/10/24
71;240.898;A008108;240898/1;15.000;05/10/24
71;240.899;A007563;240899/1;17.280;15/10/24
71;240.900;A007563;240900/1;8.064;15/10/24
71;240.901;A007563;240901/1;576;15/10/24
71;240.904;A007636;240904/2;10.000;18/11/24
71;240.904;A007492;240904/1;60.000;18/11/24
71;240.904;A006295;240904/3;9.524;18/11/24
71;240.905;A007302;240905/1;50.400;31/07/24
71;240.906;A007517;240906/1;12.600;26/08/24
71;240.907;A005878;240907/2;33.000;25/08/24
71;240.907;A006570;240907/1;55.000;25/08/24
