PLANT;PURCH_ORD;PURCH_ORDER_TYPE
71;22.209.560;K1
71;22.210.423;K1
71;22.300.020;C1
71;22.300.689;K1
71;22.300.808;C1
71;22.301.806;K1
71;22.303.117;K1
71;22.303.402;K1
71;22.303.500;C1
71;22.303.951;K1
71;22.304.450;K1
71;22.305.180;K1
71;22.305.338;K1
71;22.305.387;K1
71;22.305.643;K1
71;22.305.659;K1
71;22.305.812;K1
71;22.305.847;K1
71;22.305.848;K1
71;22.305.871;K1
71;22.305.916;K1
71;22.306.059;K1
71;22.306.073;C1
71;22.306.161;C1
71;22.306.186;K1
71;22.306.275;K1
71;22.306.276;K1
71;22.306.278;K1
71;22.306.329;K1
71;22.306.330;K1
71;22.306.331;K1
71;22.306.428;K1
71;22.306.429;K1
71;22.306.435;K1
71;22.306.436;K1
71;22.306.448;K1
71;22.306.571;K1
71;22.306.576;K1
71;22.306.665;K1
71;22.306.787;K1
71;22.306.837;K1
71;22.306.841;K1
71;22.306.850;K1
71;22.307.098;C1
71;22.307.104;C1
71;22.307.230;K1
71;22.307.252;K1
71;22.307.430;K1
71;22.307.460;K1
71;22.307.469;K1
71;22.307.533;K1
71;22.307.536;K1
71;22.307.553;K1
71;22.307.598;K1
71;22.307.615;C1
71;22.307.618;K1
71;22.307.628;K1
71;22.307.630;K1
71;22.307.639;K1
71;22.307.642;K1
71;22.307.710;K1
71;22.307.715;K1
71;22.307.730;K1
71;22.307.731;K1
71;22.307.770;K1
71;22.307.916;K1
71;22.307.971;K1
71;22.307.973;K1
71;22.307.974;K1
71;22.307.976;K1
71;22.307.986;C1
71;22.308.055;K1
71;22.308.058;K1
71;22.308.059;K1
71;22.308.142;K2
71;22.308.196;K1
71;22.308.200;K1
71;22.308.202;K1
71;22.308.203;K1
71;22.308.205;K1
71;22.308.207;K1
71;22.308.208;K1
71;22.308.212;C1
71;22.308.247;K1
71;22.308.251;K1
71;22.308.252;K1
71;22.308.253;K1
71;22.308.286;K1
71;22.308.303;K1
71;22.308.304;K1
71;22.308.305;K1
71;22.308.311;K1
71;22.308.312;K1
71;22.308.313;K1
71;22.308.316;C1
71;22.308.318;K1
71;22.308.333;K1
71;22.308.361;C1
71;22.308.364;K1
71;22.308.390;K1
71;22.308.393;K1
71;22.308.394;K1
71;22.308.402;K1
71;22.308.425;K1
71;22.308.426;K1
71;22.308.427;K1
71;22.308.440;C1
71;22.308.462;K1
71;22.308.478;K1
71;22.308.480;K1
71;22.308.481;K1
71;22.308.484;K1
71;22.308.485;K1
71;22.308.510;K1
71;22.308.523;K1
71;22.308.524;K1
71;22.308.525;K1
71;22.308.539;K1
71;22.308.544;K1
71;22.308.546;K1
71;22.308.548;K1
71;22.308.550;K1
71;22.308.625;K1
71;22.308.648;K1
71;22.308.652;K1
71;22.308.666;K1
71;22.308.668;K1
71;22.308.671;K1
71;22.308.672;K1
71;22.308.682;K1
71;22.308.691;K1
71;22.308.694;K1
71;22.308.695;K1
71;22.308.696;K1
71;22.308.717;K1
71;22.308.723;K1
71;22.308.724;K1
71;22.308.756;K1
71;22.308.768;K1
71;22.308.777;K1
71;22.308.778;K1
71;22.308.824;K1
71;22.308.825;K1
71;22.308.826;K1
71;22.308.853;K1
71;22.308.854;K1
71;22.308.856;K1
71;22.308.857;K1
71;22.308.862;K1
71;22.308.868;K1
71;22.308.875;K1
71;22.308.900;K1
71;22.308.904;K1
71;22.308.905;K1
71;22.308.907;K1
71;22.308.910;K1
71;22.308.933;K1
71;22.308.937;K1
71;22.308.941;K1
71;22.308.942;K1
71;22.308.943;K1
71;22.308.946;K1
71;22.308.950;K1
71;22.308.952;K1
71;22.308.970;K1
71;22.308.974;K1
71;22.308.976;K1
71;22.308.979;K1
71;22.309.013;K1
71;22.309.016;K1
71;22.309.023;K1
71;22.309.025;K1
71;22.309.026;K1
71;22.309.027;K1
71;22.309.030;K1
71;22.309.031;K1
71;22.309.038;K1
71;22.309.039;K1
71;22.309.051;K1
71;22.309.059;K1
71;22.309.060;K1
71;22.309.061;K1
71;22.309.067;K1
71;22.309.069;K1
71;22.309.071;K1
71;22.309.072;K1
71;22.309.076;K1
71;22.309.100;K1
71;22.309.101;K1
71;22.309.102;K1
71;22.309.104;K1
71;22.309.105;K1
71;22.309.109;K1
71;22.309.146;K1
71;22.309.151;K1
71;22.309.163;K1
71;22.309.164;K1
71;22.309.165;K1
71;22.309.175;K2
71;22.309.176;K2
71;22.309.188;K1
71;22.309.189;K1
71;22.309.191;K1
71;22.309.197;K2
71;22.309.198;K2
71;22.309.200;K1
71;22.309.202;K1
71;22.309.240;K1
71;22.309.291;K1
71;22.309.292;K1
71;22.309.293;C1
71;22.309.296;K1
71;22.309.297;K1
71;22.309.300;K1
71;22.309.301;K1
71;22.309.305;K1
71;22.309.309;K1
71;22.309.319;K1
71;22.309.323;K1
71;22.309.325;K1
71;22.309.326;K1
71;22.309.330;K1
71;22.309.350;K1
71;22.309.351;K1
71;22.309.352;K1
71;22.309.353;K1
71;22.309.354;K1
71;22.309.356;K1
71;22.309.357;K1
71;22.309.358;K1
71;22.309.361;K1
71;22.309.362;K1
71;22.309.363;K1
71;22.309.365;K1
71;22.309.394;K1
71;22.309.395;K1
71;22.309.396;K1
71;22.309.397;K1
71;22.309.401;K1
71;22.309.402;K1
71;22.309.403;K1
71;22.309.426;K1
71;22.309.427;K1
71;22.309.428;K1
71;22.309.430;K1
71;22.309.432;K1
71;22.309.434;K1
71;22.309.438;K1
71;22.309.457;C1
71;22.309.460;C1
71;22.309.489;K1
71;22.309.497;K1
71;22.309.498;K1
71;22.309.500;K1
71;22.309.501;K1
71;22.309.505;K1
71;22.309.506;K1
71;22.309.514;K1
71;22.309.516;K1
71;22.309.519;K1
71;22.309.520;K1
71;22.309.521;K1
71;22.309.527;K1
71;22.309.528;K1
71;22.309.530;K1
71;22.309.558;K1
71;22.309.568;C1
71;22.309.587;K1
71;22.309.597;K1
71;22.309.602;K1
71;22.309.612;K1
71;22.309.613;K1
71;22.309.614;K1
71;22.309.616;K1
71;22.309.619;K1
71;22.309.620;K1
71;22.309.630;K1
71;22.309.646;K1
71;22.309.648;K1
71;22.309.660;K1
71;22.309.661;K1
71;22.309.668;K1
71;22.309.669;K1
71;22.309.674;K1
71;22.309.714;K1
71;22.309.715;K1
71;22.309.718;K1
71;22.309.725;K1
71;22.309.732;K1
71;22.309.733;K1
71;22.309.734;K1
71;22.309.738;K1
71;22.309.746;K1
71;22.309.748;K1
71;22.309.749;K1
71;22.309.750;K1
71;22.309.754;K1
71;22.309.761;K1
71;22.309.771;K1
71;22.309.772;K1
71;22.309.773;K1
71;22.309.774;K1
71;22.309.775;K1
71;22.309.782;K1
71;22.309.783;K1
71;22.309.784;K1
71;22.309.785;K1
71;22.309.802;K1
71;22.309.804;K1
71;22.309.809;K2
71;22.309.813;K2
71;22.309.820;K1
71;22.309.822;K1
71;22.309.824;K1
71;22.309.827;K1
71;22.309.828;K1
71;22.309.829;K1
71;22.309.833;K1
71;22.309.846;K1
71;22.309.847;K1
71;22.309.849;K1
71;22.309.875;K1
71;22.309.877;K1
71;22.309.878;K1
71;22.309.879;K1
71;22.309.880;K1
71;22.309.899;K1
71;22.309.900;K1
71;22.309.902;K1
71;22.309.905;K1
71;22.309.916;K1
71;22.309.918;K1
71;22.309.919;K1
71;22.309.920;K1
71;22.309.922;K1
71;22.309.923;K1
71;22.309.924;K1
71;22.309.942;K1
71;22.309.943;K1
71;22.309.945;K1
71;22.309.960;K1
71;22.309.962;K1
71;22.309.963;K1
71;22.309.964;K1
71;22.309.965;K1
71;22.309.968;K1
71;22.309.969;K1
71;22.309.971;K1
71;22.309.972;K1
71;22.309.973;K1
71;22.309.975;K1
71;22.309.976;K1
71;22.309.977;K1
71;22.309.994;K1
71;22.310.008;K1
71;22.310.010;K1
71;22.310.011;K1
71;22.310.013;K1
71;22.310.014;K1
71;22.310.015;K1
71;22.310.016;K1
71;22.310.017;K1
71;22.310.020;C1
71;22.310.021;K1
71;22.310.024;K1
71;22.310.037;K1
71;22.310.048;C1
71;22.310.051;K1
71;22.310.052;K1
71;22.310.053;K1
71;22.310.054;K1
71;22.310.056;K1
71;22.310.057;K1
71;22.310.066;K1
71;22.310.074;K1
71;22.310.075;K1
71;22.310.076;K1
71;22.310.077;K1
71;22.310.079;K1
71;22.310.080;K1
71;22.310.081;K1
71;22.310.082;K1
71;22.310.083;K1
71;22.310.084;K1
71;22.310.089;K1
71;22.310.094;K1
71;22.310.096;K1
71;22.310.097;K1
71;22.310.098;K1
71;22.310.110;C1
71;22.310.122;K2
71;22.310.142;K1
71;22.310.146;K1
71;22.310.147;K1
71;22.310.154;K1
71;22.310.156;K1
71;22.310.157;K1
71;22.310.159;K1
71;22.310.160;K1
71;22.310.161;K1
71;22.310.162;K1
71;22.310.169;K1
71;22.310.178;K1
71;22.310.181;K2
71;22.310.182;K1
71;22.310.187;K1
71;22.310.188;K1
71;22.310.189;K1
71;22.310.222;K2
71;22.310.240;K1
71;22.310.241;K2
71;22.310.242;K1
71;22.310.243;K1
71;22.310.244;K1
71;22.310.247;K1
71;22.310.248;K1
71;22.310.250;K1
71;22.310.251;K1
71;22.310.252;K1
71;22.310.258;K1
71;22.310.260;K1
71;22.310.262;K1
71;22.310.263;K1
71;22.310.264;K1
71;22.310.266;K1
71;22.310.277;C1
71;22.310.288;C1
71;22.310.320;K1
71;22.310.325;K1
71;22.310.326;K1
71;22.310.327;K1
71;22.310.328;K1
71;22.310.330;K1
71;22.310.339;K1
71;22.310.341;K1
71;22.310.342;K1
71;22.310.343;K1
71;22.310.344;K1
71;22.310.345;K1
71;22.310.346;K1
71;22.310.349;K1
71;22.310.350;K1
71;22.310.351;K1
71;22.310.352;K1
71;22.310.357;K1
71;22.310.362;K2
71;22.310.363;K2
71;22.310.370;C1
71;22.310.409;C1
71;22.310.415;K1
71;22.310.423;K1
71;22.310.425;K1
71;22.310.426;K1
71;22.310.427;K1
71;22.310.428;K1
71;22.310.429;K1
71;22.310.430;K1
71;22.310.454;K2
71;22.310.476;K1
71;22.310.477;K1
71;22.310.485;K1
71;22.310.487;K1
71;22.310.490;K1
71;22.310.491;K1
71;22.310.493;K1
71;22.310.494;K1
71;22.310.495;K1
71;22.310.496;K1
71;22.310.498;K1
71;22.310.499;K1
71;22.310.502;K1
71;22.310.512;K2
71;22.310.517;K1
71;22.310.529;K1
71;22.310.545;K1
71;22.310.546;K1
71;22.310.547;K1
71;22.310.548;K1
71;22.310.550;K1
71;22.310.551;K1
71;22.310.552;K1
71;22.310.554;K1
71;22.310.555;K1
71;22.310.556;K1
71;22.310.573;K1
71;22.310.574;K1
71;22.310.575;K1
71;22.310.578;K1
71;22.310.580;K1
71;22.310.591;K1
71;22.310.592;K1
71;22.310.594;K1
71;22.310.615;K1
71;22.310.616;K1
71;22.310.617;K1
71;22.310.618;K1
71;22.310.619;K1
71;22.310.620;K1
71;22.310.621;K1
71;22.310.623;LB
71;22.310.624;K1
71;22.310.625;K1
71;22.310.626;K1
71;22.310.627;K1
71;22.310.648;K1
71;22.310.649;K1
71;22.310.650;K1
71;22.310.651;K1
71;22.310.652;K1
71;22.310.653;K1
71;22.310.654;K1
71;22.310.655;K1
71;22.310.658;K1
71;22.310.678;C1
71;22.310.690;K1
71;22.310.691;K1
71;22.310.698;K1
71;22.310.699;K1
71;22.310.700;K1
71;22.310.702;K1
71;22.310.728;K1
71;22.310.729;K1
71;22.310.730;K1
71;22.310.731;K1
71;22.310.732;K1
71;22.310.733;K1
71;22.310.735;K1
71;22.310.736;K1
71;22.310.737;K1
71;22.310.738;K1
71;22.310.739;K1
71;22.310.751;K2
71;22.310.757;K1
71;22.310.781;K1
71;22.310.789;K1
71;22.310.790;K1
71;22.310.791;K1
71;22.310.792;K1
71;22.310.793;K1
71;22.310.794;K1
71;22.310.795;K1
71;22.310.796;K1
71;22.310.797;K1
71;22.310.798;K1
71;22.310.799;K1
71;22.310.812;K1
71;22.310.814;K1
71;22.310.815;K1
71;22.310.816;K1
71;22.310.817;K1
71;22.310.837;K1
71;22.310.839;K1
71;22.310.841;K1
71;22.310.842;K1
71;22.310.843;K1
71;22.310.854;K1
71;22.310.861;K1
71;22.310.868;K1
71;22.310.871;K1
71;22.310.873;K1
71;22.310.875;K1
71;22.310.924;K1
71;22.310.925;C1
71;22.310.926;K1
71;22.310.927;K2
71;22.310.928;K2
71;22.310.930;K1
71;22.310.940;K1
71;22.310.949;K1
71;22.310.951;K1
71;22.310.952;K1
71;22.310.953;K1
71;22.310.955;K1
71;22.310.956;K1
71;22.310.957;K1
71;22.310.958;K1
71;22.310.959;K1
71;22.310.960;K1
71;22.310.961;K1
71;22.310.969;C1
71;22.310.986;K1
71;22.310.988;K1
71;22.310.989;K1
71;22.310.990;K1
71;22.310.993;K1
71;22.310.994;K1
71;22.310.995;K1
71;22.310.996;K1
71;22.310.997;K1
71;22.311.005;K1
71;22.311.022;K1
71;22.311.023;K1
71;22.311.024;K1
71;22.311.025;K1
71;22.311.026;K1
71;22.311.027;K1
71;22.311.028;K1
71;22.311.029;K1
71;22.311.030;K1
71;22.311.043;K2
71;22.311.045;C1
71;22.311.062;K2
71;22.311.103;K1
71;22.311.105;K1
71;22.311.106;K1
71;22.311.107;K1
71;22.311.108;K1
71;22.311.110;K1
71;22.311.111;K1
71;22.311.112;K1
71;22.311.113;K1
71;22.311.119;K1
71;22.311.122;C1
71;22.311.123;K1
71;22.311.127;K1
71;22.311.128;K1
71;22.311.130;K1
71;22.311.131;K1
71;22.311.132;K1
71;22.311.133;K1
71;22.311.134;K1
71;22.311.135;K1
71;22.311.136;K1
71;22.311.138;K1
71;22.311.139;K1
71;22.311.140;K1
71;22.311.141;K1
71;22.311.142;K1
71;22.311.143;K1
71;22.311.144;K1
71;22.311.145;K1
71;22.311.146;K1
71;22.311.147;K1
71;22.311.148;K1
71;22.311.149;K1
71;22.311.150;K1
71;22.311.160;K2
71;22.311.163;K1
71;22.311.164;K1
71;22.311.165;K1
71;22.311.166;K1
71;22.311.168;K1
71;22.311.169;K1
71;22.311.171;K1
71;22.311.181;C1
71;22.311.187;K2
71;22.311.235;K2
71;22.311.244;K1
71;22.311.251;C1
71;22.311.262;K1
71;22.311.268;K1
71;22.311.271;K1
71;22.311.283;K1
71;22.311.293;K1
71;22.311.294;K1
71;22.311.295;K1
71;22.311.296;K1
71;22.311.297;K1
71;22.311.298;K1
71;22.311.299;K1
71;22.311.300;K1
71;22.311.303;K1
71;22.311.309;K1
71;22.311.312;K1
71;22.311.313;K1
71;22.311.314;K1
71;22.311.315;K1
71;22.311.316;K1
71;22.311.317;K1
71;22.311.318;K1
71;22.311.319;K2
71;22.311.322;K1
71;22.311.323;K1
71;22.311.324;K1
71;22.311.327;K1
71;22.311.329;K1
71;22.311.330;K1
71;22.311.331;K1
71;22.311.332;K1
71;22.311.333;K1
71;22.311.335;K1
71;22.311.336;K1
71;22.311.337;K1
71;22.311.338;K1
71;22.311.339;K1
71;22.311.341;K1
71;22.311.342;K1
71;22.311.344;K1
71;22.311.347;K1
71;22.311.348;K1
71;22.311.349;K1
71;22.311.350;K1
71;22.311.351;K1
71;22.311.353;K1
71;22.311.356;K1
71;22.311.357;K1
71;22.311.358;K1
71;22.311.359;K1
71;22.311.360;K1
71;22.311.362;K1
71;22.311.363;K1
71;22.311.364;K1
71;22.311.365;K1
71;22.311.366;K1
71;22.311.367;K1
71;22.311.368;K1
71;22.311.369;K1
71;22.311.370;K1
71;22.311.371;K1
71;22.311.372;K1
71;22.311.375;K1
71;22.311.377;K1
71;22.311.379;K1
71;22.311.380;K1
71;22.311.381;K1
71;22.311.388;C1
71;22.311.403;C1
71;22.311.411;K2
71;22.311.433;K1
71;22.311.439;K1
71;22.311.442;K2
71;22.311.463;K1
71;22.311.464;K1
71;22.311.465;K1
71;22.311.466;K1
71;22.311.467;K1
71;22.311.468;K1
71;22.311.469;K2
71;22.311.470;K2
71;22.311.471;K2
71;22.311.473;K2
71;22.311.474;K2
71;22.311.478;K1
71;22.311.480;K1
71;22.311.482;K1
71;22.311.483;K1
71;22.311.484;K1
71;22.311.485;K1
71;22.311.486;K1
71;22.311.487;K1
71;22.311.488;K1
71;22.311.496;K1
71;22.311.497;K2
71;22.311.498;K2
71;22.311.499;CT
71;22.311.506;K2
71;22.311.508;K1
71;22.311.509;K1
71;22.311.510;K1
71;22.311.513;K1
71;22.311.514;K1
71;22.311.515;K1
71;22.311.516;K1
71;22.311.517;K1
71;22.311.518;K1
71;22.311.519;K1
71;22.311.520;K1
71;22.311.521;K2
71;22.311.522;K1
71;22.311.523;K1
71;22.311.524;K1
71;22.311.525;K1
71;22.311.526;K1
71;22.311.527;K1
71;22.311.528;K1
71;22.311.529;K1
71;22.311.530;K1
71;22.311.531;K1
71;22.311.532;K2
71;22.311.533;K1
71;22.311.534;K1
71;22.311.535;K1
71;22.311.536;K1
71;22.311.537;K1
71;22.311.540;K1
71;22.311.541;K1
71;22.311.542;K1
71;22.311.544;K1
71;22.311.545;K1
71;22.311.546;K1
71;22.311.547;K1
71;22.311.548;K1
71;22.311.555;K2
71;22.311.557;LB
71;22.311.565;LB
71;22.311.568;LB
71;22.311.569;LB
71;22.311.570;K2
71;22.311.581;K1
71;22.311.582;K1
71;22.311.583;K1
71;22.311.584;K1
71;22.311.585;K1
71;22.311.586;K1
71;22.311.587;K1
71;22.311.590;K1
71;22.311.591;K1
71;22.311.597;K1
71;22.311.599;C1
71;22.311.600;K1
71;22.311.601;K1
71;22.311.602;K1
71;22.311.603;K1
71;22.311.604;K1
71;22.311.605;K1
71;22.311.606;K1
71;22.311.607;K1
71;22.311.608;K1
71;22.311.609;K1
71;22.311.610;K1
71;22.311.611;K1
71;22.311.612;K1
71;22.311.613;K1
71;22.311.615;K1
71;22.311.617;K1
71;22.311.620;K1
71;22.311.621;K1
71;22.311.622;K1
71;22.311.623;K1
71;22.311.624;K1
71;22.311.625;K2
71;22.311.626;K1
71;22.311.627;K1
71;22.311.628;K1
71;22.311.629;K1
71;22.311.630;K1
71;22.311.631;K1
71;22.311.633;K1
71;22.311.634;K1
71;22.311.635;K1
71;22.311.636;K1
71;22.311.637;K1
71;22.311.638;K1
71;22.311.639;K1
71;22.311.640;K1
71;22.311.641;K1
71;22.311.642;K1
71;22.311.643;K1
71;22.311.644;K1
71;22.311.646;K1
71;22.311.647;K1
71;22.311.648;K1
71;22.311.649;K1
71;22.311.650;K1
71;22.311.654;K1
71;22.311.655;K1
71;22.311.657;K1
71;22.311.658;K1
71;22.311.659;K1
71;22.311.660;K1
71;22.311.661;K1
71;22.311.662;K1
71;22.311.663;K1
71;22.311.664;K1
71;22.311.665;K1
71;22.311.667;K1
71;22.311.668;K1
71;22.311.670;K1
71;22.311.671;K1
71;22.311.672;K1
71;22.311.673;K1
71;22.311.674;K1
71;22.311.675;K1
71;22.311.676;K1
71;22.311.680;K1
71;22.311.681;K1
71;22.311.682;K1
71;22.311.683;K1
71;22.311.692;LB
71;22.311.693;LB
71;22.311.694;LB
71;22.311.695;LB
71;22.311.699;K1
71;22.311.700;LB
71;22.311.701;K1
71;22.311.702;K1
71;22.311.703;K1
71;22.311.704;K1
71;22.311.705;K1
71;22.311.706;K1
71;22.311.707;K1
71;22.311.708;K1
71;22.311.709;K1
71;22.311.710;K2
71;22.311.711;K2
71;22.311.713;K1
71;22.311.714;K1
71;22.311.716;K1
71;22.311.717;K1
71;22.311.718;K1
71;22.311.720;K2
71;22.311.721;K2
71;22.311.727;K2
71;22.311.728;K2
71;22.311.737;K2
71;22.311.738;K2
71;22.311.739;K2
71;22.311.742;K2
71;22.311.743;LB
71;22.311.744;LB
71;22.311.745;LB
71;22.311.746;LB
71;22.311.747;LB
71;22.311.748;LB
71;22.311.756;K2
71;22.400.006;C1
71;22.400.007;LB
71;22.400.009;LB
71;22.400.011;LB
71;22.400.012;LB
71;22.400.013;LB
71;22.400.014;LB
71;22.400.015;LB
71;22.400.016;LB
71;22.400.017;LB
71;22.400.018;LB
71;22.400.019;LB
71;22.400.021;LB
71;22.400.022;LB
71;22.400.024;K1
71;22.400.034;LB
71;22.400.035;LB
71;22.400.036;LB
71;22.400.037;LB
71;22.400.038;LB
71;22.400.039;LB
71;22.400.040;K1
71;22.400.046;K1
71;22.400.048;K1
71;22.400.049;K1
71;22.400.050;K1
71;22.400.051;LB
71;22.400.052;LB
71;22.400.053;LB
71;22.400.054;LB
71;22.400.055;LB
71;22.400.056;LB
71;22.400.057;LB
71;22.400.058;LB
71;22.400.059;LB
71;22.400.060;LB
71;22.400.061;K1
71;22.400.062;C1
71;22.400.063;LB
71;22.400.064;K1
71;22.400.065;LB
71;22.400.067;LB
71;22.400.068;LB
71;22.400.069;LB
71;22.400.070;LB
71;22.400.071;LB
71;22.400.072;LB
71;22.400.073;LB
71;22.400.074;LB
71;22.400.075;K1
71;22.400.077;K1
71;22.400.078;K1
71;22.400.079;K1
71;22.400.081;K1
71;22.400.082;CS
71;22.400.084;K2
71;22.400.085;K1
71;22.400.089;K1
71;22.400.094;C1
71;22.400.096;K1
71;22.400.097;CS
71;22.400.098;CS
71;22.400.101;K1
71;22.400.102;K1
71;22.400.103;LB
71;22.400.104;CT
71;22.400.105;LB
71;22.400.106;LB
71;22.400.107;LB
71;22.400.108;LB
71;22.400.110;K1
71;22.400.111;K1
71;22.400.112;K2
71;22.400.113;K1
71;22.400.114;K1
71;22.400.115;K1
71;22.400.116;K1
71;22.400.117;K1
71;22.400.118;K1
71;22.400.119;K1
71;22.400.120;K1
71;22.400.121;K1
71;22.400.122;K1
71;22.400.123;K1
71;22.400.125;K1
71;22.400.126;K1
71;22.400.127;K1
71;22.400.128;K1
71;22.400.129;K1
71;22.400.130;K1
71;22.400.132;K1
71;22.400.133;K1
71;22.400.134;K1
71;22.400.135;K1
71;22.400.136;K1
71;22.400.137;K1
71;22.400.138;K1
71;22.400.140;K1
71;22.400.143;K1
71;22.400.144;K1
71;22.400.145;K1
71;22.400.146;K1
71;22.400.147;K1
71;22.400.148;K1
71;22.400.149;K1
71;22.400.151;K1
71;22.400.152;K1
71;22.400.153;K1
71;22.400.154;K1
71;22.400.156;K1
71;22.400.157;K1
71;22.400.158;K1
71;22.400.159;K1
71;22.400.165;K1
71;22.400.166;K1
71;22.400.167;K1
71;22.400.169;K1
71;22.400.170;K1
71;22.400.171;K1
71;22.400.172;K1
71;22.400.173;K1
71;22.400.174;K1
71;22.400.177;K1
71;22.400.180;Q1
71;22.400.190;CS
71;22.400.194;K2
71;22.400.195;K2
71;22.400.204;K1
71;22.400.205;K1
71;22.400.206;K1
71;22.400.207;K1
71;22.400.208;K1
71;22.400.209;K1
71;22.400.210;K1
71;22.400.211;K1
71;22.400.212;K1
71;22.400.213;CS
71;22.400.214;K1
71;22.400.215;K1
71;22.400.221;K1
71;22.400.222;K1
71;22.400.223;K2
71;22.400.228;C1
71;22.400.231;K1
71;22.400.232;K2
71;22.400.233;LB
71;22.400.234;LB
71;22.400.236;LB
71;22.400.237;LB
71;22.400.238;LB
71;22.400.239;LB
71;22.400.240;LB
71;22.400.241;LB
71;22.400.242;LB
71;22.400.243;LB
71;22.400.244;LB
71;22.400.245;LB
71;22.400.246;LB
71;22.400.247;LB
71;22.400.248;LB
71;22.400.249;LB
71;22.400.250;LB
71;22.400.251;LB
71;22.400.253;LB
71;22.400.256;CT
71;22.400.258;K1
71;22.400.259;K1
71;22.400.260;K1
71;22.400.261;K1
71;22.400.262;K1
71;22.400.263;K1
71;22.400.264;K1
71;22.400.265;K1
71;22.400.267;K1
71;22.400.268;K1
71;22.400.269;K1
71;22.400.270;K1
71;22.400.271;K1
71;22.400.272;K1
71;22.400.273;K1
71;22.400.274;K2
71;22.400.275;K1
71;22.400.276;K1
71;22.400.277;K1
71;22.400.278;K1
71;22.400.279;K1
71;22.400.280;K1
71;22.400.281;K1
71;22.400.282;K1
71;22.400.283;K1
71;22.400.284;K1
71;22.400.285;K1
71;22.400.286;K1
71;22.400.288;K1
71;22.400.289;K1
71;22.400.290;K1
71;22.400.291;K1
71;22.400.292;K1
71;22.400.294;CS
71;22.400.296;C1
71;22.400.298;C1
71;22.400.299;K2
71;22.400.300;K2
71;22.400.301;K2
71;22.400.302;K2
71;22.400.303;K2
71;22.400.304;K2
71;22.400.305;LB
71;22.400.306;LB
71;22.400.308;LB
71;22.400.309;LB
71;22.400.311;LB
71;22.400.313;LB
71;22.400.316;K1
71;22.400.325;K1
71;22.400.326;K1
71;22.400.327;K1
71;22.400.328;K1
71;22.400.329;K1
71;22.400.330;K1
71;22.400.331;K1
71;22.400.334;K1
71;22.400.335;K1
71;22.400.336;K1
71;22.400.337;K1
71;22.400.338;K1
71;22.400.339;K1
71;22.400.340;K1
71;22.400.342;K1
71;22.400.343;K2
71;22.400.344;K2
71;22.400.345;K1
71;22.400.346;K2
71;22.400.347;K1
71;22.400.348;K1
71;22.400.349;K1
71;22.400.350;K1
71;22.400.351;K1
71;22.400.352;K1
71;22.400.353;K1
71;22.400.354;K1
71;22.400.355;K1
71;22.400.356;K1
71;22.400.357;K1
71;22.400.358;K1
71;22.400.360;K1
71;22.400.361;K1
71;22.400.362;K1
71;22.400.363;K1
71;22.400.364;K1
71;22.400.365;K1
71;22.400.366;K1
71;22.400.367;K1
71;22.400.368;K1
71;22.400.369;K1
71;22.400.370;K1
71;22.400.371;K1
71;22.400.372;K1
71;22.400.373;K1
71;22.400.374;K1
71;22.400.375;K1
71;22.400.376;K1
71;22.400.377;K1
71;22.400.379;K1
71;22.400.380;K1
71;22.400.381;K1
71;22.400.382;K1
71;22.400.383;LB
71;22.400.384;LB
71;22.400.385;LB
71;22.400.386;LB
71;22.400.387;LB
71;22.400.388;LB
71;22.400.389;LB
71;22.400.390;LB
71;22.400.393;LB
71;22.400.394;LB
71;22.400.395;LB
71;22.400.396;K1
71;22.400.397;K1
71;22.400.398;K1
71;22.400.400;K1
71;22.400.401;K1
71;22.400.402;C1
71;22.400.403;LB
71;22.400.404;LB
71;22.400.405;LB
71;22.400.406;LB
71;22.400.407;LB
71;22.400.408;LB
71;22.400.410;LB
71;22.400.411;LB
71;22.400.412;LB
71;22.400.413;LB
71;22.400.429;K1
71;22.400.432;LB
71;22.400.433;LB
71;22.400.434;LB
71;22.400.435;LB
71;22.400.436;LB
71;22.400.437;LB
71;22.400.438;LB
71;22.400.439;LB
71;22.400.442;K1
71;22.400.444;K1
71;22.400.445;K1
71;22.400.448;K1
71;22.400.449;K1
71;22.400.450;K1
71;22.400.451;K1
71;22.400.453;K1
71;22.400.454;K1
71;22.400.455;K1
71;22.400.457;C1
71;22.400.459;K1
71;22.400.460;LB
71;22.400.461;K1
71;22.400.465;C1
71;22.400.467;K1
71;22.400.468;K1
71;22.400.473;K1
71;22.400.474;K1
71;22.400.475;K1
71;22.400.476;LB
71;22.400.477;LB
71;22.400.478;LB
71;22.400.479;LB
71;22.400.481;K1
71;22.400.482;K1
71;22.400.483;K1
71;22.400.484;K1
71;22.400.486;K1
71;22.400.489;K2
71;22.400.494;K1
71;22.400.495;K1
71;22.400.499;LB
71;22.400.500;LB
71;22.400.501;LB
71;22.400.502;LB
71;22.400.503;LB
71;22.400.504;LB
71;22.400.506;K1
71;22.400.507;C1
71;22.400.508;K1
71;22.400.509;K1
71;22.400.510;K1
71;22.400.511;K1
71;22.400.512;K1
71;22.400.513;K1
71;22.400.514;K1
71;22.400.515;K1
71;22.400.516;K1
71;22.400.517;K1
71;22.400.518;K1
71;22.400.519;K1
71;22.400.520;K1
71;22.400.521;K1
71;22.400.522;K1
71;22.400.523;K1
71;22.400.524;K1
71;22.400.525;K2
71;22.400.526;K1
71;22.400.527;K1
71;22.400.528;K1
71;22.400.529;K1
71;22.400.530;K1
71;22.400.531;K1
71;22.400.532;K1
71;22.400.534;LB
71;22.400.535;LB
71;22.400.536;LB
71;22.400.537;LB
71;22.400.538;LB
71;22.400.539;LB
71;22.400.540;LB
71;22.400.541;LB
71;22.400.544;K1
71;22.400.545;LB
71;22.400.546;K1
71;22.400.547;K1
71;22.400.548;K1
71;22.400.549;K1
71;22.400.550;K1
71;22.400.557;K1
71;22.400.558;K1
71;22.400.559;K1
71;22.400.560;K1
71;22.400.561;K1
71;22.400.562;K1
71;22.400.564;K1
71;22.400.567;C1
71;22.400.568;CS
71;22.400.569;CS
71;22.400.570;LB
71;22.400.571;LB
71;22.400.572;LB
71;22.400.573;LB
71;22.400.574;LB
71;22.400.575;LB
71;22.400.576;LB
71;22.400.577;LB
71;22.400.578;LB
71;22.400.579;K1
71;22.400.580;K1
71;22.400.581;K1
71;22.400.582;K1
71;22.400.583;K1
71;22.400.584;K1
71;22.400.585;LB
71;22.400.586;LB
71;22.400.587;K2
71;22.400.589;LB
71;22.400.590;LB
71;22.400.591;LB
71;22.400.592;LB
71;22.400.593;LB
71;22.400.594;LB
71;22.400.595;LB
71;22.400.596;LB
71;22.400.603;K1
71;22.400.604;K1
71;22.400.605;K1
71;22.400.606;K1
71;22.400.607;K1
71;22.400.608;K1
71;22.400.609;K1
71;22.400.610;K1
71;22.400.611;K2
71;22.400.612;K1
71;22.400.613;K1
71;22.400.614;K2
71;22.400.615;K1
71;22.400.616;K1
71;22.400.617;K1
71;22.400.618;K1
71;22.400.621;K1
71;22.400.624;K1
71;22.400.625;K1
71;22.400.626;K1
71;22.400.627;K1
71;22.400.628;K1
71;22.400.629;K1
71;22.400.630;K1
71;22.400.631;K1
71;22.400.632;LB
71;22.400.633;LB
71;22.400.634;LB
71;22.400.635;LB
71;22.400.636;LB
71;22.400.637;LB
71;22.400.638;LB
71;22.400.640;LB
71;22.400.641;LB
71;22.400.642;LB
71;22.400.643;LB
71;22.400.644;K1
71;22.400.645;K1
71;22.400.646;K1
71;22.400.647;K1
71;22.400.648;LB
71;22.400.649;LB
71;22.400.650;LB
71;22.400.651;LB
71;22.400.652;LB
71;22.400.653;W1
71;22.400.656;K1
71;22.400.660;K1
71;22.400.661;K1
71;22.400.662;K1
71;22.400.663;K1
71;22.400.664;K1
71;22.400.665;K1
71;22.400.666;K1
71;22.400.667;K1
71;22.400.668;K1
71;22.400.669;K1
71;22.400.670;K1
71;22.400.671;K1
71;22.400.672;K1
71;22.400.673;K1
71;22.400.696;K2
71;22.400.697;K2
71;22.400.698;K1
71;22.400.699;K1
71;22.400.700;K1
71;22.400.701;K1
71;22.400.704;CT
71;22.400.705;K1
71;22.400.706;K1
71;22.400.707;K1
71;22.400.709;K1
71;22.400.710;K1
71;22.400.711;C1
71;22.400.712;C1
71;22.400.713;LB
71;22.400.714;LB
71;22.400.716;C1
71;22.400.717;LB
71;22.400.718;LB
71;22.400.719;LB
71;22.400.720;LB
71;22.400.721;LB
71;22.400.722;LB
71;22.400.723;LB
71;22.400.725;LB
71;22.400.726;LB
71;22.400.734;CS
71;22.400.736;K2
71;22.400.742;LB
71;22.400.744;LB
71;22.400.746;C1
71;22.400.748;CT
71;22.400.749;LB
71;22.400.752;LB
71;22.400.753;LB
71;22.400.754;LB
71;22.400.755;LB
71;22.400.756;LB
71;22.400.757;LB
71;22.400.758;LB
71;22.400.759;LB
71;22.400.763;K1
71;22.400.764;K1
71;22.400.765;K1
71;22.400.766;K1
71;22.400.767;K1
71;22.400.768;K1
71;22.400.769;K1
71;22.400.770;LB
71;22.400.774;K1
71;22.400.775;K1
71;22.400.776;K1
71;22.400.777;K1
71;22.400.778;K1
71;22.400.779;K1
71;22.400.780;K1
71;22.400.781;K1
71;22.400.782;K1
71;22.400.784;K1
71;22.400.785;LB
71;22.400.786;LB
71;22.400.787;K1
71;22.400.788;K1
71;22.400.789;K1
71;22.400.790;K1
71;22.400.791;K1
71;22.400.792;K1
71;22.400.793;K1
71;22.400.795;K1
71;22.400.796;K1
71;22.400.797;K1
71;22.400.798;K1
71;22.400.801;K1
71;22.400.802;K1
71;22.400.803;K1
71;22.400.804;K1
71;22.400.805;LB
71;22.400.806;K2
71;22.400.807;K2
71;22.400.808;K2
71;22.400.809;K2
71;22.400.811;K1
71;22.400.813;K1
71;22.400.815;C1
71;22.400.818;CT
71;22.400.820;K2
71;22.400.822;K1
71;22.400.823;K1
71;22.400.825;K1
71;22.400.826;K1
71;22.400.827;K1
71;22.400.828;K1
71;22.400.829;K1
71;22.400.830;K1
71;22.400.831;K1
71;22.400.832;K1
71;22.400.833;K1
71;22.400.834;K1
71;22.400.835;K1
71;22.400.837;K1
71;22.400.839;K1
71;22.400.840;K2
71;22.400.841;K1
71;22.400.843;K1
71;22.400.844;K1
71;22.400.845;K1
71;22.400.846;K1
71;22.400.847;K1
71;22.400.848;CT
71;22.400.850;LB
71;22.400.852;LB
71;22.400.853;LB
71;22.400.854;LB
71;22.400.855;LB
71;22.400.856;LB
71;22.400.857;LB
71;22.400.858;LB
71;22.400.859;LB
71;22.400.860;LB
71;22.400.861;LB
71;22.400.862;LB
71;22.400.863;LB
71;22.400.864;LB
71;22.400.865;LB
71;22.400.866;LB
71;22.400.867;LB
71;22.400.868;LB
71;22.400.869;LB
71;22.400.870;LB
71;22.400.872;LB
71;22.400.874;LB
71;22.400.876;LB
71;22.400.877;K1
71;22.400.878;K1
71;22.400.879;K1
71;22.400.880;K1
71;22.400.881;K1
71;22.400.882;K2
71;22.400.884;LB
71;22.400.886;K2
71;22.400.887;K2
71;22.400.899;C1
71;22.400.901;C1
71;22.400.903;K1
71;22.400.907;CT
71;22.400.908;K2
71;22.400.909;LB
71;22.400.911;LB
71;22.400.912;LB
71;22.400.913;LB
71;22.400.916;K2
71;22.400.917;CT
71;22.400.919;K1
71;22.400.920;LB
71;22.400.921;LB
71;22.400.922;LB
71;22.400.923;LB
71;22.400.924;LB
71;22.400.925;LB
71;22.400.926;LB
71;22.400.928;LB
71;22.400.929;K1
71;22.400.930;K1
71;22.400.931;LB
71;22.400.933;K1
71;22.400.934;K2
71;22.400.936;K2
71;22.400.937;K1
71;22.400.938;K1
71;22.400.939;K1
71;22.400.941;K1
71;22.400.943;K1
71;22.400.944;K1
71;22.400.945;K1
71;22.400.946;K1
71;22.400.947;K1
71;22.400.948;K1
71;22.400.953;K2
71;22.400.954;K1
71;22.400.955;K1
71;22.400.956;K1
71;22.400.957;LB
71;22.400.958;LB
71;22.400.960;K1
71;22.400.965;K1
71;22.400.966;K1
71;22.400.967;K1
71;22.400.968;K1
71;22.400.969;K1
71;22.400.970;K1
71;22.400.971;K1
71;22.400.972;K1
71;22.400.973;K1
71;22.400.974;K1
71;22.400.975;K1
71;22.400.976;K1
71;22.400.977;K1
71;22.400.978;K1
71;22.400.979;K1
71;22.400.980;K1
71;22.400.982;K1
71;22.400.983;K1
71;22.400.984;K1
71;22.400.986;K1
71;22.400.987;K1
71;22.400.988;LB
71;22.400.989;K1
71;22.400.990;K1
71;22.400.991;K1
71;22.400.992;LB
71;22.400.993;K1
71;22.400.994;K1
71;22.400.995;LB
71;22.400.996;LB
71;22.400.997;LB
71;22.400.998;LB
71;22.401.001;C1
71;22.401.002;LB
71;22.401.003;LB
71;22.401.004;LB
71;22.401.005;K1
71;22.401.006;LB
71;22.401.007;CS
71;22.401.008;LB
71;22.401.009;LB
71;22.401.010;LB
71;22.401.011;LB
71;22.401.012;LB
71;22.401.013;LB
71;22.401.014;CT
71;22.401.015;K1
71;22.401.016;K1
71;22.401.019;K1
71;22.401.020;K1
71;22.401.021;K1
71;22.401.022;K1
71;22.401.025;K1
71;22.401.026;K1
71;22.401.028;K1
71;22.401.030;K1
71;22.401.031;K1
71;22.401.032;K1
71;22.401.033;K1
71;22.401.034;K1
71;22.401.038;K1
71;22.401.039;K1
71;22.401.040;K1
71;22.401.041;K1
71;22.401.042;K1
71;22.401.043;K1
71;22.401.045;K1
71;22.401.046;K1
71;22.401.047;K1
71;22.401.048;K1
71;22.401.049;K1
71;22.401.050;K1
71;22.401.051;K1
71;22.401.052;K1
71;22.401.053;K1
71;22.401.054;K1
71;22.401.055;K1
71;22.401.057;K1
71;22.401.058;K1
71;22.401.059;K1
71;22.401.060;C1
71;22.401.061;K2
71;22.401.063;C1
71;22.401.065;K2
71;22.401.068;CS
71;22.401.070;K2
71;22.401.071;LB
71;22.401.072;LB
71;22.401.073;LB
71;22.401.074;LB
71;22.401.075;LB
71;22.401.076;LB
71;22.401.077;K2
71;22.401.078;K2
71;22.401.079;LB
71;22.401.080;LB
71;22.401.081;LB
71;22.401.082;LB
71;22.401.083;LB
71;22.401.085;LB
71;22.401.087;C1
71;22.401.093;K2
71;22.401.094;K1
71;22.401.097;LB
71;22.401.098;K2
71;22.401.099;LB
71;22.401.100;LB
71;22.401.101;LB
71;22.401.102;LB
71;22.401.103;LB
71;22.401.104;LB
71;22.401.105;LB
71;22.401.106;K2
71;22.401.107;K2
71;22.401.109;K2
71;22.401.111;K1
71;22.401.114;K1
71;22.401.119;K2
71;22.401.123;K1
71;22.401.124;K1
71;22.401.136;C1
71;22.401.138;CT
71;22.401.141;LB
71;22.401.142;LB
71;22.401.143;LB
71;22.401.144;LB
71;22.401.145;K1
71;22.401.146;K1
71;22.401.147;K1
71;22.401.148;K1
71;22.401.149;K1
71;22.401.150;K1
71;22.401.151;K1
71;22.401.153;K1
71;22.401.154;K1
71;22.401.155;K1
71;22.401.156;K1
71;22.401.158;K1
71;22.401.161;K1
71;22.401.162;K1
71;22.401.163;K1
71;22.401.164;K1
71;22.401.165;K1
71;22.401.167;K1
71;22.401.168;K1
71;22.401.169;K1
71;22.401.170;K1
71;22.401.171;K1
71;22.401.172;K1
71;22.401.173;K1
71;22.401.174;K1
71;22.401.175;K1
71;22.401.176;K1
71;22.401.177;K1
71;22.401.178;K1
71;22.401.179;K1
71;22.401.180;K1
71;22.401.192;K1
71;22.401.193;K1
71;22.401.194;K1
71;22.401.195;K1
71;22.401.196;K1
71;22.401.197;K1
71;22.401.198;K1
71;22.401.199;K1
71;22.401.200;K1
71;22.401.201;LB
71;22.401.205;K1
71;22.401.208;K2
71;22.401.210;K1
71;22.401.211;K1
71;22.401.213;K1
71;22.401.214;K1
71;22.401.215;K1
71;22.401.216;K1
71;22.401.217;K1
71;22.401.218;K1
71;22.401.219;K1
71;22.401.220;K1
71;22.401.221;K1
71;22.401.222;K1
71;22.401.223;K1
71;22.401.224;K1
71;22.401.225;K1
71;22.401.226;K1
71;22.401.227;K1
71;22.401.232;K2
71;22.401.235;LB
71;22.401.236;LB
71;22.401.237;LB
71;22.401.238;LB
71;22.401.239;LB
71;22.401.240;LB
71;22.401.241;LB
71;22.401.242;LB
71;22.401.243;LB
71;22.401.244;LB
71;22.401.245;LB
71;22.401.246;LB
71;22.401.247;LB
71;22.401.248;K1
71;22.401.249;LB
71;22.401.250;LB
71;22.401.251;LB
71;22.401.252;LB
71;22.401.253;LB
71;22.401.254;LB
71;22.401.255;LB
71;22.401.256;LB
71;22.401.257;LB
71;22.401.258;LB
71;22.401.259;LB
71;22.401.260;LB
71;22.401.261;LB
71;22.401.262;LB
71;22.401.263;K1
71;22.401.264;K1
71;22.401.266;K1
71;22.401.267;K1
71;22.401.268;K1
71;22.401.269;K1
71;22.401.270;K1
71;22.401.272;LB
71;22.401.273;LB
71;22.401.274;LB
71;22.401.276;K1
71;22.401.277;K1
71;22.401.282;K1
71;22.401.283;K1
71;22.401.284;K1
71;22.401.285;K1
71;22.401.286;K1
71;22.401.287;K1
71;22.401.288;K1
71;22.401.289;K1
71;22.401.290;K1
71;22.401.291;K1
71;22.401.292;K1
71;22.401.294;K1
71;22.401.295;K1
71;22.401.296;K1
71;22.401.297;K1
71;22.401.298;K1
71;22.401.299;K1
71;22.401.300;K1
71;22.401.301;K1
71;22.401.302;K1
71;22.401.303;K1
71;22.401.319;LB
71;22.401.320;LB
71;22.401.321;LB
71;22.401.322;LB
71;22.401.324;LB
71;22.401.325;LB
71;22.401.326;LB
71;22.401.327;LB
71;22.401.328;LB
71;22.401.329;K2
71;22.401.331;K1
71;22.401.333;K1
71;22.401.334;K1
71;22.401.335;K1
71;22.401.336;K1
71;22.401.338;LB
71;22.401.340;CT
71;22.401.348;K1
71;22.401.349;K1
71;22.401.350;K1
71;22.401.351;K1
71;22.401.352;K1
71;22.401.353;K1
71;22.401.354;K1
71;22.401.356;K1
71;22.401.359;K1
71;22.401.360;K1
71;22.401.361;K1
71;22.401.362;K1
71;22.401.367;K1
71;22.401.368;K1
71;22.401.369;K1
71;22.401.370;K1
71;22.401.371;K1
71;22.401.374;K1
71;22.401.375;K1
71;22.401.376;K1
71;22.401.377;K1
71;22.401.378;K1
71;22.401.380;K1
71;22.401.381;K1
71;22.401.382;K1
71;22.401.383;K1
71;22.401.384;K1
71;22.401.387;LB
71;22.401.388;LB
71;22.401.389;LB
71;22.401.390;LB
71;22.401.391;LB
71;22.401.392;LB
71;22.401.393;LB
71;22.401.394;LB
71;22.401.395;LB
71;22.401.397;K2
71;22.401.398;K1
71;22.401.399;K2
71;22.401.407;CT
71;22.401.409;LB
71;22.401.411;K2
71;22.401.412;K1
71;22.401.414;CT
71;22.401.415;K1
71;22.401.416;K1
71;22.401.417;K1
71;22.401.418;K1
71;22.401.419;K1
71;22.401.421;K1
71;22.401.422;K1
71;22.401.423;K1
71;22.401.424;K1
71;22.401.425;K1
71;22.401.427;K1
71;22.401.428;K1
71;22.401.429;K1
71;22.401.430;K1
71;22.401.431;K1
71;22.401.432;K1
71;22.401.433;K1
71;22.401.434;K1
71;22.401.435;K1
71;22.401.440;CT
71;22.401.446;CT
71;22.401.447;K1
71;22.401.449;K1
71;22.401.450;K1
71;22.401.451;K1
71;22.401.452;K1
71;22.401.456;LB
71;22.401.459;K1
71;22.401.460;K1
71;22.401.461;K1
71;22.401.462;K1
71;22.401.463;C1
71;22.401.465;K1
71;22.401.468;CS
71;22.401.470;K1
71;22.401.471;K1
71;22.401.472;C1
71;22.401.474;K1
71;22.401.475;K1
71;22.401.476;K1
71;22.401.477;K1
71;22.401.479;K1
71;22.401.480;K1
71;22.401.483;K1
71;22.401.486;K1
71;22.401.488;K1
71;22.401.490;C1
71;22.401.495;LB
71;22.401.496;LB
71;22.401.497;LB
71;22.401.498;LB
71;22.401.499;LB
71;22.401.500;LB
71;22.401.501;LB
71;22.401.502;LB
71;22.401.504;LB
71;22.401.505;K1
71;22.401.506;LB
71;22.401.507;K1
71;22.401.508;K1
71;22.401.509;K1
71;22.401.510;K1
71;22.401.511;K1
71;22.401.512;K1
71;22.401.513;K1
71;22.401.514;K1
71;22.401.515;K1
71;22.401.516;K1
71;22.401.517;K1
71;22.401.518;K1
71;22.401.519;K1
71;22.401.520;K1
71;22.401.521;K1
71;22.401.522;K1
71;22.401.523;K1
71;22.401.524;K1
71;22.401.525;K1
71;22.401.526;K1
71;22.401.527;K1
71;22.401.528;K1
71;22.401.529;K1
71;22.401.530;K1
71;22.401.531;K1
71;22.401.532;LB
71;22.401.533;LB
71;22.401.534;LB
71;22.401.536;LB
71;22.401.537;LB
71;22.401.538;LB
71;22.401.539;K1
71;22.401.540;K1
71;22.401.541;K1
71;22.401.542;LB
71;22.401.544;K1
71;22.401.554;K1
71;22.401.555;K1
71;22.401.556;K1
71;22.401.557;K1
71;22.401.558;K1
71;22.401.559;K1
71;22.401.560;K1
71;22.401.561;K1
71;22.401.562;K1
71;22.401.563;K1
71;22.401.564;K1
71;22.401.565;K1
71;22.401.566;K1
71;22.401.567;K1
71;22.401.574;LB
71;22.401.583;K1
71;22.401.585;K1
71;22.401.592;LB
71;22.401.593;LB
71;22.401.594;LB
71;22.401.595;LB
71;22.401.596;LB
71;22.401.597;LB
71;22.401.598;LB
71;22.401.599;LB
71;22.401.600;LB
71;22.401.601;LB
71;22.401.603;K1
71;22.401.607;C1
71;22.401.609;LB
71;22.401.612;LB
71;22.401.613;LB
71;22.401.614;LB
71;22.401.615;LB
71;22.401.616;LB
71;22.401.617;LB
71;22.401.618;K2
71;22.401.619;C1
71;22.401.622;K2
71;22.401.629;K2
71;22.401.638;K2
71;22.401.639;K1
71;22.401.640;CS
71;22.401.641;K1
71;22.401.642;CS
71;22.401.643;LB
71;22.401.644;C1
71;22.401.646;LB
71;22.401.647;LB
71;22.401.648;LB
71;22.401.650;LB
71;22.401.657;C1
71;22.401.658;C1
71;22.401.661;K1
71;22.401.662;K1
71;22.401.663;K1
71;22.401.664;K1
71;22.401.665;K1
71;22.401.666;K1
71;22.401.667;K1
71;22.401.668;K1
71;22.401.669;K1
71;22.401.670;K1
71;22.401.671;K1
71;22.401.672;K1
71;22.401.673;K1
71;22.401.674;K1
71;22.401.675;K1
71;22.401.676;K1
71;22.401.677;K1
71;22.401.678;K1
71;22.401.679;K1
71;22.401.680;K1
71;22.401.681;K1
71;22.401.682;K1
71;22.401.683;K1
71;22.401.684;K1
71;22.401.685;K1
71;22.401.686;K1
71;22.401.687;K1
71;22.401.688;K1
71;22.401.689;K1
71;22.401.690;K1
71;22.401.692;K1
71;22.401.697;K1
71;22.401.701;C1
71;22.401.703;K1
71;22.401.704;K1
71;22.401.705;K1
71;22.401.707;K1
71;22.401.708;K1
71;22.401.709;K1
71;22.401.710;K2
71;22.401.711;LB
71;22.401.712;LB
71;22.401.713;LB
71;22.401.714;LB
71;22.401.715;LB
71;22.401.716;K1
71;22.401.717;LB
71;22.401.718;LB
71;22.401.719;LB
71;22.401.720;K2
71;22.401.721;K2
71;22.401.722;K1
71;22.401.725;K2
71;22.401.729;K1
71;22.401.730;K1
71;22.401.731;K1
71;22.401.735;K1
71;22.401.736;LB
71;22.401.737;LB
71;22.401.738;LB
71;22.401.740;LB
71;22.401.741;LB
71;22.401.742;LB
71;22.401.743;LB
71;22.401.744;LB
71;22.401.745;LB
71;22.401.746;K1
71;22.401.747;K1
71;22.401.748;K1
71;22.401.749;K1
71;22.401.751;K1
71;22.401.752;K1
71;22.401.753;K1
71;22.401.754;K1
71;22.401.755;K1
71;22.401.756;K1
71;22.401.757;K1
71;22.401.758;C1
71;22.401.759;C1
71;22.401.761;C1
71;22.401.762;K1
71;22.401.763;K1
71;22.401.764;K1
71;22.401.765;K1
71;22.401.768;K1
71;22.401.769;K1
71;22.401.773;K1
71;22.401.774;K1
71;22.401.775;K1
71;22.401.777;K2
71;22.401.778;K1
71;22.401.779;K1
71;22.401.780;K1
71;22.401.781;K1
71;22.401.783;K1
71;22.401.784;K1
71;22.401.796;K1
71;22.401.797;K1
71;22.401.803;CS
71;22.401.804;C1
71;22.401.805;K2
71;22.401.806;K1
71;22.401.807;K1
71;22.401.808;K1
71;22.401.809;K1
71;22.401.810;K1
71;22.401.811;K1
71;22.401.812;K1
71;22.401.813;K1
71;22.401.814;K1
71;22.401.815;K1
71;22.401.816;K1
71;22.401.817;K1
71;22.401.818;K1
71;22.401.819;K1
71;22.401.820;K1
71;22.401.821;C1
71;22.401.831;LB
71;22.401.842;LB
71;22.401.843;LB
71;22.401.844;K1
71;22.401.845;LB
71;22.401.846;LB
71;22.401.847;K1
71;22.401.848;LB
71;22.401.849;LB
71;22.401.850;LB
71;22.401.851;LB
71;22.401.852;K1
71;22.401.853;LB
71;22.401.854;K1
71;22.401.855;K1
71;22.401.856;LB
71;22.401.857;LB
71;22.401.858;LB
71;22.401.859;LB
71;22.401.860;LB
71;22.401.861;LB
71;22.401.862;LB
71;22.401.863;K1
71;22.401.865;LB
71;22.401.867;LB
71;22.401.868;LB
71;22.401.869;K1
71;22.401.870;K1
71;22.401.871;K1
71;22.401.872;K1
71;22.401.874;K1
71;22.401.875;K1
71;22.401.876;K1
71;22.401.877;K1
71;22.401.878;LB
71;22.401.879;LB
71;22.401.880;K1
71;22.401.881;K1
71;22.401.882;K1
71;22.401.884;K1
71;22.401.885;K1
71;22.401.886;K1
71;22.401.887;K1
71;22.401.888;K1
71;22.401.890;LB
71;22.401.892;LB
71;22.401.898;LB
71;22.401.900;LB
71;22.401.901;LB
71;22.401.905;K2
71;22.401.914;CS
71;22.401.916;K1
71;22.401.917;LB
71;22.401.918;K1
71;22.401.919;K1
71;22.401.920;K1
71;22.401.921;LB
71;22.401.923;K1
71;22.401.924;K1
71;22.401.925;K2
71;22.401.926;K1
71;22.401.927;K1
71;22.401.928;K1
71;22.401.929;K1
71;22.401.930;K1
71;22.401.931;K1
71;22.401.932;K1
71;22.401.933;K1
71;22.401.934;K1
71;22.401.936;K1
71;22.401.937;K1
71;22.401.938;LB
71;22.401.941;K1
71;22.401.942;LB
71;22.401.943;C1
71;22.401.944;CS
71;22.401.945;K1
71;22.401.946;K1
71;22.401.947;K1
71;22.401.948;K1
71;22.401.949;K1
71;22.401.950;K1
71;22.401.951;K1
71;22.401.954;LB
71;22.401.955;LB
71;22.401.957;LB
71;22.401.958;LB
71;22.401.959;LB
71;22.401.960;C1
71;22.401.961;K1
71;22.401.962;K1
71;22.401.963;K1
71;22.401.964;K1
71;22.401.971;LB
71;22.401.972;C1
71;22.401.973;K2
71;22.401.974;CS
71;22.401.975;K1
71;22.401.976;K1
71;22.401.977;K1
71;22.401.978;CS
71;22.401.979;K1
71;22.401.980;K1
71;22.401.981;K1
71;22.401.987;CS
71;22.401.991;K1
71;22.401.994;LB
71;22.401.995;K2
71;22.401.996;LB
71;22.401.997;K1
71;22.401.998;K1
71;22.401.999;K1
71;22.402.000;C1
71;22.402.002;K1
71;22.402.003;K1
71;22.402.004;K1
71;22.402.005;LB
71;22.402.006;K1
71;22.402.007;LB
71;22.402.008;K1
71;22.402.009;LB
71;22.402.011;K1
71;22.402.012;K1
71;22.402.013;K2
71;22.402.014;K1
71;22.402.015;K1
71;22.402.016;K1
71;22.402.017;K1
71;22.402.018;K1
71;22.402.019;K1
71;22.402.021;K1
71;22.402.024;K1
71;22.402.025;K1
71;22.402.026;K1
71;22.402.027;K1
71;22.402.028;K1
71;22.402.029;K1
71;22.402.030;K1
71;22.402.031;K1
71;22.402.032;K1
71;22.402.033;LB
71;22.402.034;LB
71;22.402.035;LB
71;22.402.036;K1
71;22.402.037;LB
71;22.402.038;K1
71;22.402.039;LB
71;22.402.040;LB
71;22.402.041;LB
71;22.402.044;LB
71;22.402.046;K2
71;22.402.047;K2
71;22.402.048;K2
71;22.402.049;K1
71;22.402.050;K1
71;22.402.051;K2
71;22.402.056;K1
71;22.402.058;K1
71;22.402.059;K1
71;22.402.061;K1
71;22.402.062;K1
71;22.402.063;K1
71;22.402.067;K1
71;22.402.069;K1
71;22.402.070;K1
71;22.402.071;K1
71;22.402.072;K1
71;22.402.074;K1
71;22.402.076;K2
71;22.402.077;K1
71;22.402.078;K1
71;22.402.080;K1
71;22.402.081;LB
71;22.402.082;LB
71;22.402.083;LB
71;22.402.084;LB
71;22.402.086;K1
71;22.402.088;LB
71;22.402.089;LB
71;22.402.092;K1
71;22.402.093;K1
71;22.402.095;LB
71;22.402.096;LB
71;22.402.097;K1
71;22.402.098;K1
71;22.402.099;LB
71;22.402.100;LB
71;22.402.101;K1
71;22.402.102;K1
71;22.402.104;C1
71;22.402.105;CS
71;22.402.106;W1
71;22.402.107;K1
71;22.402.111;CS
71;22.402.112;CS
71;22.402.114;C1
71;22.402.115;K1
71;22.402.116;K1
71;22.402.119;LB
71;22.402.121;K1
71;22.402.122;K1
71;22.402.123;K1
71;22.402.124;K1
71;22.402.125;K1
71;22.402.126;K1
71;22.402.127;K1
71;22.402.128;K1
71;22.402.130;LB
71;22.402.131;K1
71;22.402.132;K1
71;22.402.133;K1
71;22.402.134;LB
71;22.402.135;LB
71;22.402.136;LB
71;22.402.138;K1
71;22.402.140;K1
71;22.402.142;K1
71;22.402.143;K1
71;22.402.144;K1
71;22.402.145;K1
71;22.402.146;K1
71;22.402.147;K1
71;22.402.148;K1
71;22.402.152;K1
71;22.402.153;K1
71;22.402.154;K1
71;22.402.155;K1
71;22.402.156;K1
71;22.402.157;K1
71;22.402.158;K1
71;22.402.159;K1
71;22.402.160;K1
71;22.402.161;K1
71;22.402.162;K1
71;22.402.164;K1
71;22.402.169;K1
71;22.402.170;K1
71;22.402.171;K1
71;22.402.183;K1
71;22.402.187;K2
71;22.402.189;K2
71;22.402.190;LB
71;22.402.191;LB
71;22.402.192;LB
71;22.402.193;LB
71;22.402.195;LB
71;22.402.196;LB
71;22.402.197;LB
71;22.402.198;LB
71;22.402.199;LB
71;22.402.200;LB
71;22.402.201;LB
71;22.402.202;LB
71;22.402.203;LB
71;22.402.206;LB
71;22.402.209;K1
71;22.402.210;LB
71;22.402.211;K1
71;22.402.212;K1
71;22.402.213;K1
71;22.402.214;K1
71;22.402.215;K1
71;22.402.216;K1
71;22.402.217;K1
71;22.402.218;K1
71;22.402.219;K1
71;22.402.220;K1
71;22.402.221;LB
71;22.402.222;K1
71;22.402.223;K1
71;22.402.225;K1
71;22.402.228;LB
71;22.402.229;K1
71;22.402.230;K1
71;22.402.231;K1
71;22.402.232;K1
71;22.402.234;K1
71;22.402.237;K1
71;22.402.238;LB
71;22.402.240;LB
71;22.402.241;LB
71;22.402.242;LB
71;22.402.243;K2
71;22.402.244;K1
71;22.402.248;K1
71;22.402.252;LB
71;22.402.253;LB
71;22.402.261;K1
71;22.402.262;K1
71;22.402.263;K1
71;22.402.265;C1
71;22.402.268;K2
71;22.402.269;K1
71;22.402.270;K2
71;22.402.271;K1
71;22.402.272;K1
71;22.402.273;K1
71;22.402.274;K1
71;22.402.276;C1
71;22.402.277;C1
71;22.402.280;K1
71;22.402.281;K1
71;22.402.282;K1
71;22.402.283;LB
71;22.402.284;K1
71;22.402.285;LB
71;22.402.286;LB
71;22.402.287;LB
71;22.402.288;LB
71;22.402.289;LB
71;22.402.292;LB
71;22.402.293;LB
71;22.402.294;LB
71;22.402.295;K1
71;22.402.297;K2
71;22.402.298;LB
71;22.402.299;C1
71;22.402.300;LB
71;22.402.301;LB
71;22.402.302;K1
71;22.402.303;K1
71;22.402.304;K1
71;22.402.305;C1
71;22.402.307;K1
71;22.402.308;LB
71;22.402.309;LB
71;22.402.310;LB
71;22.402.311;LB
71;22.402.312;LB
71;22.402.313;LB
71;22.402.314;LB
71;22.402.315;LB
71;22.402.316;K1
71;22.402.317;K1
71;22.402.318;K1
71;22.402.319;LB
71;22.402.320;K1
71;22.402.321;K1
71;22.402.322;K1
71;22.402.324;K2
71;22.402.325;K2
71;22.402.329;K2
71;22.402.330;K1
71;22.402.331;K1
71;22.402.332;K1
71;22.402.333;K1
71;22.402.334;K1
71;22.402.335;K1
71;22.402.336;K1
71;22.402.337;K1
71;22.402.338;K1
71;22.402.339;K1
71;22.402.340;K1
71;22.402.341;K1
71;22.402.342;K1
71;22.402.343;K1
71;22.402.344;K1
71;22.402.345;K1
71;22.402.346;K1
71;22.402.350;K1
71;22.402.351;K1
71;22.402.353;K1
71;22.402.354;C1
71;22.402.355;K1
71;22.402.356;K1
71;22.402.357;K1
71;22.402.358;K1
71;22.402.359;K1
71;22.402.360;K1
71;22.402.363;K1
71;22.402.364;LB
71;22.402.366;K1
71;22.402.369;W1
71;22.402.371;LB
71;22.402.374;K1
71;22.402.375;K1
71;22.402.376;K1
71;22.402.377;K1
71;22.402.384;K1
71;22.402.386;K1
71;22.402.387;K1
71;22.402.388;K1
71;22.402.389;K1
71;22.402.390;K1
71;22.402.391;K1
71;22.402.392;K1
71;22.402.393;K1
71;22.402.394;K1
71;22.402.395;K1
71;22.402.396;K1
71;22.402.402;K2
71;22.402.403;LB
71;22.402.405;LB
71;22.402.406;LB
71;22.402.407;LB
71;22.402.408;LB
71;22.402.409;LB
71;22.402.410;LB
71;22.402.412;LB
71;22.402.413;LB
71;22.402.414;LB
71;22.402.415;LB
71;22.402.416;LB
71;22.402.417;LB
71;22.402.418;LB
71;22.402.419;LB
71;22.402.420;LB
71;22.402.427;K1
71;22.402.428;K1
71;22.402.429;K1
71;22.402.430;K1
71;22.402.432;K1
71;22.402.436;C1
71;22.402.444;K2
71;22.402.447;K1
71;22.402.448;K1
71;22.402.450;LB
71;22.402.451;LB
71;22.402.452;LB
71;22.402.453;LB
71;22.402.454;LB
71;22.402.455;LB
71;22.402.456;LB
71;22.402.457;LB
71;22.402.458;LB
71;22.402.460;LB
71;22.402.461;LB
71;22.402.463;K2
71;22.402.464;K1
71;22.402.465;K1
71;22.402.466;K1
71;22.402.467;K1
71;22.402.468;K1
71;22.402.469;K1
71;22.402.471;K1
71;22.402.472;K1
71;22.402.473;K1
71;22.402.474;K1
71;22.402.475;K1
71;22.402.478;LB
71;22.402.479;K1
71;22.402.480;K1
71;22.402.481;K1
71;22.402.482;K1
71;22.402.483;K1
71;22.402.484;K1
71;22.402.487;K1
71;22.402.488;K1
71;22.402.489;K1
71;22.402.490;K1
71;22.402.492;K1
71;22.402.493;K1
71;22.402.494;K1
71;22.402.495;K1
71;22.402.496;K1
71;22.402.500;LB
71;22.402.501;LB
71;22.402.502;LB
71;22.402.503;LB
71;22.402.504;LB
71;22.402.505;K1
71;22.402.510;K1
71;22.402.512;K1
71;22.402.513;K1
71;22.402.515;K1
71;22.402.516;K1
71;22.402.517;K1
71;22.402.518;K1
71;22.402.519;K1
71;22.402.520;K1
71;22.402.521;K1
71;22.402.522;K1
71;22.402.524;K1
71;22.402.526;K2
71;22.402.531;K1
71;22.402.532;K1
71;22.402.533;K1
71;22.402.534;K1
71;22.402.535;K1
71;22.402.536;K1
71;22.402.537;K1
71;22.402.538;K1
71;22.402.539;K1
71;22.402.540;K1
71;22.402.542;LB
71;22.402.543;K1
71;22.402.544;LB
71;22.402.545;LB
71;22.402.546;LB
71;22.402.547;LB
71;22.402.548;K1
71;22.402.549;K1
71;22.402.550;K1
71;22.402.551;K1
71;22.402.552;K1
71;22.402.553;K1
71;22.402.554;C1
71;22.402.555;K1
71;22.402.556;K1
71;22.402.557;K1
71;22.402.558;K1
71;22.402.559;K1
71;22.402.560;K1
71;22.402.561;K1
71;22.402.571;C1
71;22.402.572;C1
71;22.402.573;C1
71;22.402.575;K1
71;22.402.579;C1
71;22.402.580;C1
71;22.402.581;K1
71;22.402.584;LB
71;22.402.585;LB
71;22.402.586;LB
71;22.402.587;LB
71;22.402.588;LB
71;22.402.589;LB
71;22.402.590;LB
71;22.402.591;LB
71;22.402.592;LB
71;22.402.593;LB
71;22.402.594;LB
71;22.402.595;LB
71;22.402.596;LB
71;22.402.597;CS
71;22.402.598;LB
71;22.402.600;K1
71;22.402.601;K1
71;22.402.602;K1
71;22.402.603;K1
71;22.402.604;K1
71;22.402.605;K1
71;22.402.606;K1
71;22.402.607;K1
71;22.402.608;K1
71;22.402.610;K1
71;22.402.611;K1
71;22.402.612;K1
71;22.402.614;K2
71;22.402.615;K1
71;22.402.616;K1
71;22.402.617;K1
71;22.402.620;K1
71;22.402.621;K1
71;22.402.623;K1
71;22.402.624;K1
71;22.402.625;K1
71;22.402.626;K1
71;22.402.627;K1
71;22.402.628;K1
71;22.402.629;K1
71;22.402.630;K2
71;22.402.631;K1
71;22.402.632;K1
71;22.402.633;K1
71;22.402.634;K1
71;22.402.636;K1
71;22.402.638;K1
71;22.402.639;K1
71;22.402.640;K1
71;22.402.641;CS
71;22.402.649;K2
71;22.402.651;LB
71;22.402.655;LB
71;22.402.656;K2
71;22.402.658;K2
71;22.402.659;K2
71;22.402.662;LB
71;22.402.663;LB
71;22.402.664;LB
71;22.402.665;LB
71;22.402.666;LB
71;22.402.667;LB
71;22.402.668;LB
71;22.402.669;LB
71;22.402.670;C1
71;22.402.671;LB
71;22.402.672;LB
71;22.402.674;LB
71;22.402.682;K1
71;22.402.683;K1
71;22.402.689;K1
71;22.402.692;K1
71;22.402.693;K1
71;22.402.695;K2
71;22.402.696;K1
71;22.402.698;K1
71;22.402.699;K1
71;22.402.700;K1
71;22.402.701;K1
71;22.402.702;K1
71;22.402.703;K1
71;22.402.704;K1
71;22.402.705;K1
71;22.402.706;K1
71;22.402.708;K1
71;22.402.709;K1
71;22.402.713;LB
71;22.402.714;LB
71;22.402.715;K1
71;22.402.716;K1
71;22.402.717;K1
71;22.402.719;K2
71;22.402.720;K2
71;22.402.722;K1
71;22.402.723;K1
71;22.402.724;K1
71;22.402.725;K2
71;22.402.727;K1
71;22.402.729;CS
71;22.402.730;K1
71;22.402.731;K1
71;22.402.732;K1
71;22.402.733;K1
71;22.402.734;K1
71;22.402.735;K1
71;22.402.736;K1
71;22.402.737;K1
71;22.402.738;K1
71;22.402.739;K1
71;22.402.740;K1
71;22.402.741;K1
71;22.402.742;K1
71;22.402.743;K1
71;22.402.744;K1
71;22.402.745;K1
71;22.402.747;K1
71;22.402.748;K1
71;22.402.750;K1
71;22.402.751;K1
71;22.402.752;K1
71;22.402.754;K1
71;22.402.761;C1
71;22.402.766;LB
71;22.402.768;LB
71;22.402.772;LB
71;22.402.773;LB
71;22.402.774;LB
71;22.402.775;LB
71;22.402.776;LB
71;22.402.777;LB
71;22.402.778;LB
71;22.402.779;LB
71;22.402.781;LB
71;22.402.782;K1
71;22.402.783;K1
71;22.402.784;K1
71;22.402.785;K1
71;22.402.786;K1
71;22.402.787;K1
71;22.402.788;K1
71;22.402.789;K1
71;22.402.790;K1
71;22.402.794;K1
71;22.402.795;K1
71;22.402.796;K1
71;22.402.797;K1
71;22.402.798;K1
71;22.402.799;K1
71;22.402.801;C1
71;22.402.802;C1
71;22.402.804;K1
71;22.402.805;K1
71;22.402.806;K1
71;22.402.807;K1
71;22.402.809;K1
71;22.402.810;C1
71;22.402.811;K1
71;22.402.812;K1
71;22.402.814;K1
71;22.402.815;K1
71;22.402.816;K1
71;22.402.817;K1
71;22.402.819;K1
71;22.402.820;K1
71;22.402.821;K1
71;22.402.822;K1
71;22.402.824;K1
71;22.402.826;K1
71;22.402.827;K1
71;22.402.828;K1
71;22.402.830;K1
71;22.402.832;K2
71;22.402.833;LB
71;22.402.838;C1
71;22.402.841;K2
71;22.402.843;K2
71;22.402.844;K1
71;22.402.845;K1
71;22.402.846;K1
71;22.402.847;K1
71;22.402.849;K1
71;22.402.850;K1
71;22.402.851;K2
71;22.402.852;K1
71;22.402.854;K1
71;22.402.855;K1
71;22.402.856;K1
71;22.402.858;K1
71;22.402.859;K1
71;22.402.860;K1
71;22.402.861;LB
71;22.402.862;LB
71;22.402.863;K1
71;22.402.864;LB
71;22.402.865;LB
71;22.402.866;LB
71;22.402.867;LB
71;22.402.868;LB
71;22.402.869;LB
71;22.402.870;LB
71;22.402.871;K1
71;22.402.872;K1
71;22.402.876;LB
71;22.402.877;LB
71;22.402.880;LB
71;22.402.881;LB
71;22.402.882;LB
71;22.402.885;K1
71;22.402.886;K1
71;22.402.888;K1
71;22.402.889;K1
71;22.402.890;K1
71;22.402.891;K1
71;22.402.892;K1
71;22.402.893;K1
71;22.402.894;K1
71;22.402.895;K1
71;22.402.896;K1
71;22.402.897;K1
71;22.402.898;LB
71;22.402.899;LB
71;22.402.900;LB
71;22.402.901;LB
71;22.402.903;CS
71;22.402.909;LB
71;22.402.917;C1
71;22.402.918;K1
71;22.402.919;K1
71;22.402.920;LB
71;22.402.921;LB
71;22.402.922;LB
71;22.402.923;LB
71;22.402.924;LB
71;22.402.925;K2
71;22.402.926;LB
71;22.402.927;K2
71;22.402.928;LB
71;22.402.929;LB
71;22.402.930;K2
71;22.402.931;LB
71;22.402.932;LB
71;22.402.933;LB
71;22.402.935;K1
71;22.402.936;K1
71;22.402.937;K2
71;22.402.938;LB
71;22.402.939;K1
71;22.402.940;K1
71;22.402.941;K1
71;22.402.942;K1
71;22.402.943;K1
71;22.402.944;K1
71;22.402.946;K1
71;22.402.947;K1
71;22.402.949;K1
71;22.402.950;K1
71;22.402.951;K1
71;22.402.952;K2
71;22.402.953;K1
71;22.402.954;K1
71;22.402.955;K1
71;22.402.956;K1
71;22.402.957;K1
71;22.402.958;K1
71;22.402.959;K1
71;22.402.960;K1
71;22.402.961;K1
71;22.402.962;K1
71;22.402.967;K1
71;22.402.968;CS
71;22.402.970;K1
71;22.402.973;K2
71;22.402.975;K1
71;22.402.976;K1
71;22.402.977;K1
71;22.402.978;K1
71;22.402.979;K1
71;22.402.980;K1
71;22.402.981;K1
71;22.402.982;LB
71;22.402.983;LB
71;22.402.984;LB
71;22.402.986;LB
71;22.402.987;LB
71;22.402.996;K2
71;22.402.997;K1
71;22.402.998;K2
71;22.402.999;K1
71;22.403.000;K1
71;22.403.001;CS
71;22.403.002;K1
71;22.403.003;K1
71;22.403.004;K1
71;22.403.005;K1
71;22.403.006;K1
71;22.403.007;K1
71;22.403.008;K1
71;22.403.010;K1
71;22.403.011;K1
71;22.403.012;K1
71;22.403.013;K1
71;22.403.014;K1
71;22.403.015;K1
71;22.403.024;LB
71;22.403.026;LB
71;22.403.029;K1
71;22.403.030;LB
71;22.403.034;LB
71;22.403.035;LB
71;22.403.036;LB
71;22.403.037;LB
71;22.403.038;LB
71;22.403.039;LB
71;22.403.040;K1
71;22.403.041;LB
71;22.403.042;LB
71;22.403.044;LB
71;22.403.045;K2
71;22.403.046;K1
71;22.403.048;K1
71;22.403.049;K1
71;22.403.050;K1
71;22.403.051;K1
71;22.403.052;K1
71;22.403.054;K1
71;22.403.055;K2
71;22.403.063;LB
71;22.403.064;CT
71;22.403.070;K1
71;22.403.071;K1
71;22.403.072;K1
71;22.403.073;K1
71;22.403.074;K1
71;22.403.076;K1
71;22.403.077;K1
71;22.403.078;K1
71;22.403.079;K1
71;22.403.080;K1
71;22.403.081;LB
71;22.403.083;LB
71;22.403.084;LB
71;22.403.085;LB
71;22.403.086;LB
71;22.403.087;K1
71;22.403.088;K1
71;22.403.089;K1
71;22.403.090;K1
71;22.403.091;K1
71;22.403.092;K1
71;22.403.093;K1
71;22.403.094;W1
71;22.403.095;K1
71;22.403.096;K1
71;22.403.097;K1
71;22.403.098;K1
71;22.403.099;K1
71;22.403.100;K1
71;22.403.101;K1
71;22.403.102;K1
71;22.403.103;K2
71;22.403.107;K1
71;22.403.108;K1
71;22.403.109;K1
71;22.403.111;K1
71;22.403.112;K1
71;22.403.113;K1
71;22.403.115;LB
71;22.403.116;LB
71;22.403.117;LB
71;22.403.118;LB
71;22.403.119;LB
71;22.403.120;LB
71;22.403.121;LB
71;22.403.122;LB
71;22.403.123;LB
71;22.403.124;LB
71;22.403.125;LB
71;22.403.126;LB
71;22.403.127;K1
71;22.403.128;K1
71;22.403.129;LB
71;22.403.131;K1
71;22.403.133;K1
71;22.403.134;K1
71;22.403.135;K1
71;22.403.137;K1
71;22.403.138;K1
71;22.403.141;CS
71;22.403.147;K1
71;22.403.148;K1
71;22.403.149;K1
71;22.403.150;K1
71;22.403.167;K2
71;22.403.168;K2
71;22.403.169;LB
71;22.403.171;LB
71;22.403.172;LB
71;22.403.173;K1
71;22.403.174;K2
71;22.403.175;K2
71;22.403.176;K2
71;22.403.177;C1
71;22.403.178;LB
71;22.403.179;K2
71;22.403.180;K1
71;22.403.181;K1
71;22.403.182;K1
71;22.403.183;K1
71;22.403.184;K1
71;22.403.185;LB
71;22.403.186;K1
71;22.403.188;K1
71;22.403.189;K1
71;22.403.190;K1
71;22.403.191;K1
71;22.403.192;K1
71;22.403.193;K1
71;22.403.194;K1
71;22.403.195;K1
71;22.403.196;K1
71;22.403.197;K2
71;22.403.198;K1
71;22.403.199;K1
71;22.403.200;K2
71;22.403.201;K2
71;22.403.203;LB
71;22.403.204;LB
71;22.403.205;LB
71;22.403.207;LB
71;22.403.208;LB
71;22.403.209;LB
71;22.403.210;K2
71;22.403.211;K2
71;22.403.212;K1
71;22.403.213;K1
71;22.403.214;K1
71;22.403.215;K1
71;22.403.216;K1
71;22.403.217;K1
71;22.403.218;K1
71;22.403.219;K1
71;22.403.220;K1
71;22.403.221;K1
71;22.403.222;K1
71;22.403.224;K1
71;22.403.225;K1
71;22.403.226;K1
71;22.403.227;K1
71;22.403.229;K1
71;22.403.230;K1
71;22.403.231;K1
71;22.403.232;K1
71;22.403.233;K2
71;22.403.234;K1
71;22.403.235;K1
71;22.403.236;K1
71;22.403.240;K1
71;22.403.241;K1
71;22.403.243;K1
71;22.403.248;K1
71;22.403.249;K1
71;22.403.250;K1
71;22.403.251;K1
71;22.403.254;K1
71;22.403.255;K1
71;22.403.256;K1
71;22.403.257;K1
71;22.403.258;K1
71;22.403.259;K1
71;22.403.260;K1
71;22.403.261;K1
71;22.403.262;K1
71;22.403.264;K1
71;22.403.265;K1
71;22.403.270;K1
71;22.403.271;K1
71;22.403.272;K1
71;22.403.273;K1
71;22.403.275;K1
71;22.403.276;K1
71;22.403.277;K1
71;22.403.278;K1
71;22.403.279;K1
71;22.403.280;K1
71;22.403.281;K1
71;22.403.282;K1
71;22.403.283;K1
71;22.403.284;K1
71;22.403.285;K1
71;22.403.286;LB
71;22.403.287;LB
71;22.403.288;LB
71;22.403.289;LB
71;22.403.290;LB
71;22.403.291;LB
71;22.403.292;LB
71;22.403.293;LB
71;22.403.294;LB
71;22.403.295;LB
71;22.403.296;LB
71;22.403.298;LB
71;22.403.299;LB
71;22.403.300;LB
71;22.403.301;LB
71;22.403.302;LB
71;22.403.303;LB
71;22.403.304;LB
71;22.403.305;LB
71;22.403.306;K1
71;22.403.307;K1
71;22.403.308;K1
71;22.403.310;K1
71;22.403.311;C1
71;22.403.317;K1
71;22.403.318;K1
71;22.403.320;K1
71;22.403.321;K1
71;22.403.322;K1
71;22.403.325;K1
71;22.403.336;K1
71;22.403.337;K1
71;22.403.338;K2
71;22.403.339;K2
71;22.403.340;K1
71;22.403.341;LB
71;22.403.342;LB
71;22.403.343;LB
71;22.403.344;LB
71;22.403.345;LB
71;22.403.346;LB
71;22.403.347;LB
71;22.403.348;LB
71;22.403.349;LB
71;22.403.350;LB
71;22.403.351;LB
71;22.403.353;K1
71;22.403.354;K1
71;22.403.355;K1
71;22.403.356;K1
71;22.403.357;K1
71;22.403.358;K1
71;22.403.359;K1
71;22.403.362;K1
71;22.403.364;K1
71;22.403.366;K1
71;22.403.368;K1
71;22.403.369;LB
71;22.403.370;LB
71;22.403.371;LB
71;22.403.372;LB
71;22.403.373;LB
71;22.403.374;LB
71;22.403.380;K1
71;22.403.381;CS
71;22.403.382;LB
71;22.403.388;K1
71;22.403.389;K1
71;22.403.390;K1
71;22.403.391;LB
71;22.403.392;K1
71;22.403.393;K1
71;22.403.394;LB
71;22.403.395;K1
71;22.403.396;LB
71;22.403.397;K1
71;22.403.398;K1
71;22.403.400;LB
71;22.403.401;LB
71;22.403.402;LB
71;22.403.403;LB
71;22.403.404;LB
71;22.403.405;K1
71;22.403.415;K1
71;22.403.416;K1
71;22.403.417;K1
71;22.403.418;K1
71;22.403.419;K1
71;22.403.420;K1
71;22.403.421;K1
71;22.403.422;K1
71;22.403.423;K1
71;22.403.424;LB
71;22.403.425;K1
71;22.403.426;K2
71;22.403.428;K1
71;22.403.429;K2
71;22.403.431;K1
71;22.403.432;LB
71;22.403.434;K1
71;22.403.435;K1
71;22.403.436;K1
71;22.403.437;K1
71;22.403.438;K1
71;22.403.439;K1
71;22.403.440;K1
71;22.403.441;K1
71;22.403.442;K1
71;22.403.443;K1
71;22.403.444;K1
71;22.403.446;K1
71;22.403.447;K1
71;22.403.448;K1
71;22.403.453;CS
71;22.403.454;K1
71;22.403.455;K1
71;22.403.457;K2
71;22.403.458;C1
71;22.403.459;K1
71;22.403.464;K2
71;22.403.465;K2
71;22.403.468;K1
71;22.403.469;LB
71;22.403.470;K1
71;22.403.472;LB
71;22.403.473;LB
71;22.403.474;LB
71;22.403.475;LB
71;22.403.476;K1
71;22.403.477;K1
71;22.403.478;K2
71;22.403.479;K1
71;22.403.480;K1
71;22.403.481;K1
71;22.403.482;K1
71;22.403.483;K1
71;22.403.484;K1
71;22.403.485;K1
71;22.403.487;K1
71;22.403.488;K1
71;22.403.489;K1
71;22.403.490;K1
71;22.403.491;K1
71;22.403.493;K1
71;22.403.494;K1
71;22.403.495;K1
71;22.403.496;K1
71;22.403.497;K1
71;22.403.498;K1
71;22.403.499;K1
71;22.403.500;K1
71;22.403.501;K1
71;22.403.502;K1
71;22.403.503;K1
71;22.403.504;K1
71;22.403.505;LB
71;22.403.506;LB
71;22.403.507;LB
71;22.403.508;K1
71;22.403.509;K2
71;22.403.511;LB
71;22.403.513;K1
71;22.403.514;K1
71;22.403.515;K1
71;22.403.516;K1
71;22.403.517;K1
71;22.403.518;K1
71;22.403.520;K1
71;22.403.521;K1
71;22.403.522;K1
71;22.403.523;K1
71;22.403.524;K1
71;22.403.525;K1
71;22.403.534;K1
71;22.403.535;C1
71;22.403.537;K1
71;22.403.539;K1
71;22.403.540;K1
71;22.403.542;K1
71;22.403.543;K1
71;22.403.544;K1
71;22.403.545;K1
71;22.403.546;K1
71;22.403.547;K1
71;22.403.548;K1
71;22.403.549;K1
71;22.403.550;K1
71;22.403.551;K1
71;22.403.552;K1
71;22.403.554;K1
71;22.403.555;K1
71;22.403.556;LB
71;22.403.557;LB
71;22.403.558;LB
71;22.403.559;LB
71;22.403.560;LB
71;22.403.561;LB
71;22.403.562;K1
71;22.403.563;LB
71;22.403.564;K1
71;22.403.566;K1
71;22.403.567;K1
71;22.403.568;K1
71;22.403.571;LB
71;22.403.572;K1
71;22.403.573;K1
71;22.403.574;K1
71;22.403.575;K1
71;22.403.576;K1
71;22.403.577;K1
71;22.403.578;K1
71;22.403.579;K1
71;22.403.580;K1
71;22.403.581;K1
71;22.403.582;K1
71;22.403.583;K1
71;22.403.584;K1
71;22.403.585;K1
71;22.403.586;K1
71;22.403.587;K1
71;22.403.588;K1
71;22.403.589;K1
71;22.403.590;K2
71;22.403.591;K1
71;22.403.592;K1
71;22.403.593;K1
71;22.403.594;K1
71;22.403.595;K1
71;22.403.597;C1
71;22.403.599;CS
71;22.403.601;K1
71;22.403.602;C1
71;22.403.603;CT
71;22.403.604;K1
71;22.403.605;CT
71;22.403.607;K1
71;22.403.608;CS
71;22.403.611;CS
71;22.403.614;K1
71;22.403.615;K1
71;22.403.616;K1
71;22.403.617;K1
71;22.403.619;K1
71;22.403.621;K1
71;22.403.622;K1
71;22.403.623;K1
71;22.403.624;K2
71;22.403.625;K1
71;22.403.626;K1
71;22.403.627;K1
71;22.403.628;K1
71;22.403.629;K1
71;22.403.630;K1
71;22.403.631;K1
71;22.403.633;K2
71;22.403.639;K1
71;22.403.640;K1
71;22.403.641;K1
71;22.403.642;K1
71;22.403.643;K1
71;22.403.644;K1
71;22.403.645;K1
71;22.403.646;K1
71;22.403.647;K1
71;22.403.650;K2
71;22.403.651;K2
71;22.403.652;K1
71;22.403.653;LB
71;22.403.654;LB
71;22.403.655;LB
71;22.403.656;LB
71;22.403.657;LB
71;22.403.658;LB
71;22.403.659;LB
71;22.403.660;LB
71;22.403.661;LB
71;22.403.662;LB
71;22.403.663;LB
71;22.403.664;LB
71;22.403.665;K1
71;22.403.670;LB
71;22.403.671;LB
71;22.403.674;LB
71;22.403.675;CT
71;22.403.677;LB
71;22.403.678;LB
71;22.403.679;K1
71;22.403.680;K1
71;22.403.681;K1
71;22.403.682;K1
71;22.403.684;K1
71;22.403.685;K1
71;22.403.686;C1
71;22.403.687;CS
71;22.403.688;K1
71;22.403.689;K1
71;22.403.692;C1
71;22.403.697;K1
71;22.403.703;LB
71;22.403.704;LB
71;22.403.705;LB
71;22.403.706;LB
71;22.403.707;LB
71;22.403.708;LB
71;22.403.709;LB
71;22.403.710;LB
71;22.403.711;LB
71;22.403.712;LB
71;22.403.713;K1
71;22.403.714;K1
71;22.403.715;K1
71;22.403.717;K1
71;22.403.718;LB
71;22.403.725;K1
71;22.403.726;K1
71;22.403.727;K1
71;22.403.728;K1
71;22.403.729;K1
71;22.403.730;K1
71;22.403.731;K1
71;22.403.732;K1
71;22.403.733;K1
71;22.403.734;K1
71;22.403.735;K1
71;22.403.736;K1
71;22.403.738;K1
71;22.403.739;K1
71;22.403.742;K2
71;22.403.747;K1
71;22.403.749;K2
71;22.403.750;C1
71;22.403.751;K1
71;22.403.752;K1
71;22.403.753;K1
71;22.403.754;K1
71;22.403.755;K1
71;22.403.756;K1
71;22.403.757;K1
71;22.403.758;K1
71;22.403.759;K1
71;22.403.760;K1
71;22.403.761;K1
71;22.403.762;K1
71;22.403.763;K1
71;22.403.764;LB
71;22.403.765;LB
71;22.403.766;LB
71;22.403.767;LB
71;22.403.768;LB
71;22.403.770;LB
71;22.403.771;K1
71;22.403.772;LB
71;22.403.773;LB
71;22.403.774;K1
71;22.403.775;LB
71;22.403.776;K1
71;22.403.777;CT
71;22.403.782;K2
71;22.403.785;K1
71;22.403.786;K1
71;22.403.787;K1
71;22.403.788;K1
71;22.403.795;LB
71;22.403.796;LB
71;22.403.797;LB
71;22.403.801;K1
71;22.403.802;K1
71;22.403.808;K1
71;22.403.811;LB
71;22.403.812;K1
71;22.403.813;K1
71;22.403.814;K1
71;22.403.815;LB
71;22.403.816;LB
71;22.403.817;LB
71;22.403.818;LB
71;22.403.819;LB
71;22.403.820;LB
71;22.403.821;LB
71;22.403.822;K1
71;22.403.823;K1
71;22.403.824;K1
71;22.403.825;K1
71;22.403.826;K1
71;22.403.827;K1
71;22.403.828;K1
71;22.403.829;K1
71;22.403.830;K1
71;22.403.831;K1
71;22.403.832;K1
71;22.403.833;K1
71;22.403.834;K1
71;22.403.835;K1
71;22.403.836;K1
71;22.403.846;Q2
71;22.403.849;K1
71;22.403.850;Q2
71;22.403.851;LB
71;22.403.853;LB
71;22.403.854;LB
71;22.403.855;LB
71;22.403.856;CT
71;22.403.857;CT
71;22.403.859;LB
71;22.403.860;LB
71;22.403.861;LB
71;22.403.863;LB
71;22.403.864;LB
71;22.403.865;K1
71;22.403.866;K1
71;22.403.867;K1
71;22.403.868;K1
71;22.403.869;K1
71;22.403.870;LB
71;22.403.871;LB
71;22.403.872;LB
71;22.403.873;LB
71;22.403.874;LB
71;22.403.875;LB
71;22.403.880;K2
71;22.403.881;C1
71;22.403.884;K1
71;22.403.885;K1
71;22.403.886;K1
71;22.403.887;K1
71;22.403.888;K1
71;22.403.889;K1
71;22.403.891;K2
71;22.403.893;K2
71;22.403.894;K1
71;22.403.895;K1
71;22.403.899;K1
71;22.403.900;K1
71;22.403.901;K1
71;22.403.902;K1
71;22.403.906;C1
71;22.403.908;Q1
71;22.403.909;K1
71;22.403.912;K1
71;22.403.915;K2
71;22.403.916;K2
71;22.403.917;K2
71;22.403.918;K2
71;22.403.919;LB
71;22.403.920;LB
71;22.403.921;LB
71;22.403.922;LB
71;22.403.923;K1
71;22.403.924;K1
71;22.403.925;K1
71;22.403.926;K1
71;22.403.927;K1
71;22.403.928;K1
71;22.403.929;K1
71;22.403.930;K1
71;22.403.932;K2
71;22.403.933;K2
71;22.403.934;K2
71;22.403.936;K1
71;22.403.937;K2
71;22.403.938;K1
71;22.403.939;K2
71;22.403.940;K1
71;22.403.941;K1
71;22.403.942;K1
71;22.403.943;K1
71;22.403.951;K1
71;22.403.954;K1
71;22.403.956;K1
71;22.403.957;K1
71;22.403.958;K1
71;22.403.959;K1
71;22.403.960;K1
71;22.403.961;K1
71;22.403.962;K1
71;22.403.963;K1
71;22.403.964;K1
71;22.403.965;K1
71;22.403.966;K1
71;22.403.967;K1
71;22.403.980;K1
71;22.403.983;LB
71;22.403.985;LB
71;22.403.986;LB
71;22.403.987;LB
71;22.403.988;LB
71;22.403.989;LB
71;22.403.990;K1
71;22.403.991;LB
71;22.403.992;LB
71;22.403.993;LB
71;22.403.994;LB
71;22.403.995;LB
71;22.403.997;K1
71;22.403.998;K1
71;22.403.999;K1
71;22.404.000;K1
71;22.404.001;K1
71;22.404.002;K1
71;22.404.003;K1
71;22.404.004;K1
71;22.404.005;K1
71;22.404.006;CT
71;22.404.007;K1
71;22.404.008;K1
71;22.404.009;K1
71;22.404.011;LB
71;22.404.012;LB
71;22.404.013;LB
71;22.404.014;LB
71;22.404.018;K1
71;22.404.019;K1
71;22.404.020;K1
71;22.404.021;K1
71;22.404.022;K1
71;22.404.023;K2
71;22.404.025;K1
71;22.404.026;K1
71;22.404.027;K1
71;22.404.028;K1
71;22.404.029;K1
71;22.404.030;K1
71;22.404.032;K1
71;22.404.033;K1
71;22.404.040;K1
71;22.404.043;LB
71;22.404.044;LB
71;22.404.045;LB
71;22.404.046;LB
71;22.404.047;LB
71;22.404.048;LB
71;22.404.052;K2
71;22.404.054;K2
71;22.404.055;K1
71;22.404.056;K1
71;22.404.057;K1
71;22.404.058;K1
71;22.404.059;K1
71;22.404.060;K1
71;22.404.061;K1
71;22.404.062;K1
71;22.404.063;K1
71;22.404.064;CT
71;22.404.066;K1
71;22.404.067;K1
71;22.404.068;K1
71;22.404.070;K1
71;22.404.071;K1
71;22.404.072;K1
71;22.404.073;K1
71;22.404.074;K1
71;22.404.075;K1
71;22.404.079;K1
71;22.404.080;K1
71;22.404.081;K1
71;22.404.082;K1
71;22.404.083;K1
71;22.404.086;K1
71;22.404.088;K1
71;22.404.089;K1
71;22.404.090;K1
71;22.404.091;K1
71;22.404.092;K1
71;22.404.093;LB
71;22.404.094;LB
71;22.404.095;LB
71;22.404.096;LB
71;22.404.097;LB
71;22.404.098;LB
71;22.404.099;LB
71;22.404.100;LB
71;22.404.102;K1
71;22.404.103;K1
71;22.404.105;CS
71;22.404.106;K1
71;22.404.107;K1
71;22.404.108;K1
71;22.404.110;C1
71;22.404.114;LB
71;22.404.117;LB
71;22.404.118;LB
71;22.404.119;LB
71;22.404.120;LB
71;22.404.121;LB
71;22.404.122;LB
71;22.404.123;LB
71;22.404.125;LB
71;22.404.126;LB
71;22.404.127;K1
71;22.404.128;K1
71;22.404.129;K1
71;22.404.130;K1
71;22.404.133;LB
71;22.404.134;LB
71;22.404.139;CS
71;22.404.140;CS
71;22.404.141;K2
71;22.404.142;K2
71;22.404.144;K2
71;22.404.145;K1
71;22.404.149;LB
71;22.404.150;K1
71;22.404.151;K1
71;22.404.152;K1
71;22.404.154;LB
71;22.404.155;LB
71;22.404.156;LB
71;22.404.161;LB
71;22.404.163;LB
71;22.404.164;LB
71;22.404.165;K1
71;22.404.166;K1
71;22.404.170;K1
71;22.404.171;K1
71;22.404.172;K1
71;22.404.173;K1
71;22.404.174;K1
71;22.404.175;K1
71;22.404.176;K1
71;22.404.177;K1
71;22.404.178;K1
71;22.404.179;K1
71;22.404.181;K1
71;22.404.183;C1
71;22.404.188;Q1
71;22.404.190;K2
71;22.404.191;K2
71;22.404.195;CT
71;22.404.197;K1
71;22.404.199;K2
71;22.404.200;K1
71;22.404.201;C1
71;22.404.202;K1
71;22.404.203;Q1
71;22.404.204;K1
71;22.404.205;K1
71;22.404.206;K1
71;22.404.207;K2
71;22.404.208;K2
71;22.404.210;K1
71;22.404.211;K1
71;22.404.213;K1
71;22.404.215;K1
71;22.404.216;K1
71;22.404.218;LB
71;22.404.219;K1
71;22.404.220;LB
71;22.404.221;LB
71;22.404.222;LB
71;22.404.223;LB
71;22.404.224;LB
71;22.404.225;LB
71;22.404.226;LB
71;22.404.227;LB
71;22.404.228;LB
71;22.404.230;LB
71;22.404.232;K1
71;22.404.234;K1
71;22.404.235;K1
71;22.404.236;K1
71;22.404.237;K1
71;22.404.238;K1
71;22.404.239;K1
71;22.404.240;K1
71;22.404.241;K1
71;22.404.243;K1
71;22.404.246;K1
71;22.404.247;K1
71;22.404.248;K1
71;22.404.249;K1
71;22.404.250;K1
71;22.404.251;K1
71;22.404.252;K1
71;22.404.254;K1
71;22.404.255;K1
71;22.404.257;Q1
71;22.404.258;K1
71;22.404.259;K1
71;22.404.260;K1
71;22.404.261;K1
71;22.404.262;K2
71;22.404.263;K1
71;22.404.264;K1
71;22.404.265;K1
71;22.404.276;C1
71;22.404.277;K1
71;22.404.278;K1
71;22.404.282;K1
71;22.404.283;LB
71;22.404.284;LB
71;22.404.285;K1
71;22.404.286;CS
71;22.404.287;C1
71;22.404.288;K1
71;22.404.289;K1
71;22.404.291;K1
71;22.404.293;K1
71;22.404.294;K1
71;22.404.295;C1
71;22.404.297;K1
71;22.404.298;K1
71;22.404.299;K1
71;22.404.300;K1
71;22.404.301;LB
71;22.404.302;LB
71;22.404.303;LB
71;22.404.304;LB
71;22.404.305;LB
71;22.404.306;LB
71;22.404.307;LB
71;22.404.308;LB
71;22.404.309;LB
71;22.404.310;K1
71;22.404.311;LB
71;22.404.312;K1
71;22.404.313;K1
71;22.404.314;K1
71;22.404.315;K1
71;22.404.316;K1
71;22.404.317;K1
71;22.404.318;K1
71;22.404.319;K1
71;22.404.320;K1
71;22.404.321;K1
71;22.404.322;K1
71;22.404.323;K1
71;22.404.324;LB
71;22.404.325;LB
71;22.404.327;C1
71;22.404.328;LB
71;22.404.329;K2
71;22.404.330;LB
71;22.404.332;LB
71;22.404.333;LB
71;22.404.334;LB
71;22.404.337;LB
71;22.404.341;LB
71;22.404.342;LB
71;22.404.343;K1
71;22.404.344;K2
71;22.404.351;CT
71;22.404.354;CT
71;22.404.355;K1
71;22.404.358;K1
71;22.404.359;K1
71;22.404.360;K1
71;22.404.365;K2
71;22.404.366;K2
71;22.404.370;K1
71;22.404.371;LB
71;22.404.372;LB
71;22.404.373;LB
71;22.404.374;LB
71;22.404.375;LB
71;22.404.376;LB
71;22.404.377;LB
71;22.404.378;LB
71;22.404.379;LB
71;22.404.380;LB
71;22.404.381;LB
71;22.404.385;K1
71;22.404.386;K1
71;22.404.387;K1
71;22.404.389;K1
71;22.404.390;K1
71;22.404.391;K1
71;22.404.392;K1
71;22.404.393;K1
71;22.404.394;K1
71;22.404.395;K1
71;22.404.396;K1
71;22.404.397;K1
71;22.404.401;K1
71;22.404.402;K1
71;22.404.403;K1
71;22.404.404;K1
71;22.404.405;K1
71;22.404.406;K1
71;22.404.407;K1
71;22.404.411;K1
71;22.404.412;K1
71;22.404.413;K1
71;22.404.414;K1
71;22.404.415;K1
71;22.404.416;K1
71;22.404.425;CS
71;22.404.426;K1
71;22.404.428;K1
71;22.404.429;LB
71;22.404.430;K1
71;22.404.431;K1
71;22.404.432;K1
71;22.404.433;K1
71;22.404.434;K1
71;22.404.435;K1
71;22.404.438;C1
71;22.404.439;K1
71;22.404.446;LB
71;22.404.447;K1
71;22.404.448;K1
71;22.404.449;K1
71;22.404.450;K1
71;22.404.453;CS
71;22.404.457;CS
71;22.404.458;K1
71;22.404.459;K1
71;22.404.460;K1
71;22.404.461;K1
71;22.404.462;K1
71;22.404.463;K1
71;22.404.464;K1
71;22.404.465;K1
71;22.404.466;K1
71;22.404.467;K1
71;22.404.475;C1
71;22.404.476;LB
71;22.404.478;LB
71;22.404.479;LB
71;22.404.480;LB
71;22.404.481;LB
71;22.404.482;LB
71;22.404.483;LB
71;22.404.484;LB
71;22.404.485;LB
71;22.404.486;LB
71;22.404.487;LB
71;22.404.488;LB
71;22.404.489;LB
71;22.404.490;LB
71;22.404.491;LB
71;22.404.492;LB
71;22.404.493;LB
71;22.404.494;LB
71;22.404.495;K1
71;22.404.496;LB
71;22.404.499;K1
71;22.404.502;K2
71;22.404.503;K1
71;22.404.509;K1
71;22.404.510;K1
71;22.404.511;K1
71;22.404.512;K1
71;22.404.513;K1
71;22.404.514;K1
71;22.404.515;K1
71;22.404.516;K1
71;22.404.517;K1
71;22.404.518;K1
71;22.404.519;K1
71;22.404.520;K1
71;22.404.521;K1
71;22.404.522;K1
71;22.404.523;K1
71;22.404.525;K1
71;22.404.526;K1
71;22.404.527;K1
71;22.404.528;K1
71;22.404.529;K1
71;22.404.531;K1
71;22.404.532;K1
71;22.404.533;K1
71;22.404.534;K1
71;22.404.535;K1
71;22.404.536;K1
71;22.404.537;K1
71;22.404.539;C1
71;22.404.540;K1
71;22.404.543;K1
71;22.404.544;C1
71;22.404.545;K1
71;22.404.546;K1
71;22.404.547;K1
71;22.404.548;K1
71;22.404.549;K1
71;22.404.550;K1
71;22.404.551;K1
71;22.404.552;K1
71;22.404.554;K1
71;22.404.555;K1
71;22.404.556;K1
71;22.404.557;K1
71;22.404.558;K1
71;22.404.559;K1
71;22.404.560;K1
71;22.404.562;K1
71;22.404.566;LB
71;22.404.567;LB
71;22.404.568;LB
71;22.404.569;LB
71;22.404.570;LB
71;22.404.571;LB
71;22.404.572;LB
71;22.404.573;LB
71;22.404.574;LB
71;22.404.575;LB
71;22.404.576;LB
71;22.404.577;LB
71;22.404.578;LB
71;22.404.580;K1
71;22.404.582;LB
71;22.404.584;CS
71;22.404.585;K1
71;22.404.586;LB
71;22.404.587;LB
71;22.404.588;LB
71;22.404.589;LB
71;22.404.590;LB
71;22.404.591;LB
71;22.404.592;K1
71;22.404.593;K1
71;22.404.594;K1
71;22.404.595;K1
71;22.404.596;K1
71;22.404.597;K1
71;22.404.598;K1
71;22.404.599;K1
71;22.404.600;K1
71;22.404.601;K1
71;22.404.602;K1
71;22.404.603;K1
71;22.404.604;K1
71;22.404.605;K1
71;22.404.608;K1
71;22.404.613;LB
71;22.404.615;LB
71;22.404.616;LB
71;22.404.617;K2
71;22.404.618;K2
71;22.404.619;C1
71;22.404.620;C1
71;22.404.621;C1
71;22.404.624;LB
71;22.404.625;LB
71;22.404.626;LB
71;22.404.627;LB
71;22.404.628;LB
71;22.404.629;K1
71;22.404.630;K1
71;22.404.631;K1
71;22.404.632;K1
71;22.404.633;K1
71;22.404.634;K1
71;22.404.635;K1
71;22.404.637;K1
71;22.404.638;K1
71;22.404.639;K1
71;22.404.640;K1
71;22.404.641;K1
71;22.404.646;K1
71;22.404.647;K1
71;22.404.648;K1
71;22.404.649;K1
71;22.404.650;K1
71;22.404.651;K1
71;22.404.652;K1
71;22.404.654;LB
71;22.404.655;LB
71;22.404.656;LB
71;22.404.657;K1
71;22.404.658;K1
71;22.404.659;K1
71;22.404.660;LB
71;22.404.661;K1
71;22.404.662;K1
71;22.404.664;K1
71;22.404.665;K1
71;22.404.666;LB
71;22.404.667;LB
71;22.404.668;LB
71;22.404.669;LB
71;22.404.670;LB
71;22.404.671;LB
71;22.404.672;K2
71;22.404.676;LB
71;22.404.677;LB
71;22.404.678;LB
71;22.404.679;K2
71;22.404.680;LB
71;22.404.682;K1
71;22.404.684;C1
71;22.404.685;K1
